Paradigm,Order,Class,Lemma,Stem,Head,Subject,Object,Mode,Negation,Form1Surface,Form1Split,Form1Source
VTI,Pcp/ChCnj,VTI_aa,ayaan,ayaa,0PlHead,1SgSubj,0PlObj,Dub,Neg,eyaanziiwaaneniin,<ChCnj><<ayaa>>nziiwaaneniin,GUESS
VTI,Pcp/ChCnj,VTI_am,waabandan,waaband,0PlHead,1SgSubj,0PlObj,Dub,Neg,wayaabandanziiwaaneniin,<ChCnj><<waaband>>anziiwaaneniin,GUESS
VTI,Pcp/ChCnj,VTI_i,miijin,miiji,0PlHead,1SgSubj,0PlObj,Dub,Neg,maajisiiwaaneniin,<ChCnj><<miiji>>siiwaaneniin,GUESS
VTI,Pcp/ChCnj,VTI_oo,wanitoon,wanit,0PlHead,1SgSubj,0PlObj,Dub,Neg,wenitoosiiwaaneniin,<ChCnj><<wanit>>oosiiwaaneniin,GUESS
VTI,Pcp/ChCnj,VTI_aa,ayaan,ayaa,0PlHead,1SgSubj,0PlObj,Dub,Pos,MISSING,,
VTI,Pcp/ChCnj,VTI_am,waabandan,waaband,0PlHead,1SgSubj,0PlObj,Dub,Pos,wayaabandamowaaneniin,<ChCnj><<waaband>>amowaaneniin,GUESS
VTI,Pcp/ChCnj,VTI_i,miijin,miiji,0PlHead,1SgSubj,0PlObj,Dub,Pos,maajiwaaneniin,<ChCnj><<miiji>>waaneniin,GUESS
VTI,Pcp/ChCnj,VTI_oo,wanitoon,wanit,0PlHead,1SgSubj,0PlObj,Dub,Pos,wenitoowaaneniin,<ChCnj><<wanit>>oowaaneniin,GUESS
VTI,Pcp/ChCnj,VTI_aa,ayaan,ayaa,0PlHead,1SgSubj,0PlObj,DubPrt,Neg,MISSING,,
VTI,Pcp/ChCnj,VTI_am,waabandan,waaband,0PlHead,1SgSubj,0PlObj,DubPrt,Neg,wayaabandanziiwaambaaneniin,<ChCnj><<waaband>>anziiwaambaaneniin,GUESS
VTI,Pcp/ChCnj,VTI_i,miijin,miiji,0PlHead,1SgSubj,0PlObj,DubPrt,Neg,maajisiiwaambaaneniin,<ChCnj><<miiji>>siiwaambaaneniin,GUESS
VTI,Pcp/ChCnj,VTI_oo,wanitoon,wanit,0PlHead,1SgSubj,0PlObj,DubPrt,Neg,wenitoosiiwaambaaneniin,<ChCnj><<wanit>>oosiiwaambaaneniin,GUESS
VTI,Pcp/ChCnj,VTI_aa,ayaan,ayaa,0PlHead,1SgSubj,0PlObj,DubPrt,Pos,MISSING,,
VTI,Pcp/ChCnj,VTI_am,waabandan,waaband,0PlHead,1SgSubj,0PlObj,DubPrt,Pos,wayaabandamowaambaaneniin,<ChCnj><<waaband>>amowaambaaneniin,GUESS
VTI,Pcp/ChCnj,VTI_i,miijin,miiji,0PlHead,1SgSubj,0PlObj,DubPrt,Pos,maajiwaambaaneniin,<ChCnj><<miiji>>waambaaneniin,GUESS
VTI,Pcp/ChCnj,VTI_oo,wanitoon,wanit,0PlHead,1SgSubj,0PlObj,DubPrt,Pos,wenitoowaambaaneniin,<ChCnj><<wanit>>oowaambaaneniin,GUESS
VTI,Pcp/ChCnj,VTI_aa,ayaan,ayaa,0PlHead,1SgSubj,0PlObj,Neu,Neg,eyaanziwaanin,<ChCnj><<ayaa>>nziwaanin,GUESS
VTI,Pcp/ChCnj,VTI_am,waabandan,waaband,0PlHead,1SgSubj,0PlObj,Neu,Neg,wayaabandanziwaanin,<ChCnj><<waaband>>anziwaanin,GUESS
VTI,Pcp/ChCnj,VTI_i,miijin,miiji,0PlHead,1SgSubj,0PlObj,Neu,Neg,maajisiwaanin,<ChCnj><<miiji>>siwaanin,GUESS
VTI,Pcp/ChCnj,VTI_oo,wanitoon,wanit,0PlHead,1SgSubj,0PlObj,Neu,Neg,wenitoosiwaanin,<ChCnj><<wanit>>oosiwaanin,GUESS
VTI,Pcp/ChCnj,VTI_aa,ayaan,ayaa,0PlHead,1SgSubj,0PlObj,Neu,Pos,eyaamaanin,<ChCnj><<ayaa>>maanin,GUESS
VTI,Pcp/ChCnj,VTI_am,waabandan,waaband,0PlHead,1SgSubj,0PlObj,Neu,Pos,wayaabandamaanin,<ChCnj><<waaband>>amaanin,GUESS
VTI,Pcp/ChCnj,VTI_i,miijin,miiji,0PlHead,1SgSubj,0PlObj,Neu,Pos,maajiyaanin,<ChCnj><<miiji>>yaanin,GUESS
VTI,Pcp/ChCnj,VTI_oo,wanitoon,wanit,0PlHead,1SgSubj,0PlObj,Neu,Pos,wenitooyaanin,<ChCnj><<wanit>>ooyaanin,GUESS
VTI,Pcp/ChCnj,VTI_aa,ayaan,ayaa,0PlHead,1SgSubj,0PlObj,Prt,Neg,MISSING,,
VTI,Pcp/ChCnj,VTI_am,waabandan,waaband,0PlHead,1SgSubj,0PlObj,Prt,Neg,wayaabandanziwaambaaniin,<ChCnj><<waaband>>anziwaambaaniin,GUESS
VTI,Pcp/ChCnj,VTI_i,miijin,miiji,0PlHead,1SgSubj,0PlObj,Prt,Neg,maajisiwaambaaniin,<ChCnj><<miiji>>siwaambaaniin,GUESS
VTI,Pcp/ChCnj,VTI_oo,wanitoon,wanit,0PlHead,1SgSubj,0PlObj,Prt,Neg,wenitoosiwaambaaniin,<ChCnj><<wanit>>oosiwaambaaniin,GUESS
VTI,Pcp/ChCnj,VTI_aa,ayaan,ayaa,0PlHead,1SgSubj,0PlObj,Prt,Pos,MISSING,,
VTI,Pcp/ChCnj,VTI_am,waabandan,waaband,0PlHead,1SgSubj,0PlObj,Prt,Pos,wayaabandamaambaaniin,<ChCnj><<waaband>>amaambaaniin,GUESS
VTI,Pcp/ChCnj,VTI_i,miijin,miiji,0PlHead,1SgSubj,0PlObj,Prt,Pos,maajiyaambaaniin,<ChCnj><<miiji>>yaambaaniin,GUESS
VTI,Pcp/ChCnj,VTI_oo,wanitoon,wanit,0PlHead,1SgSubj,0PlObj,Prt,Pos,wenitooyaambaaniin,<ChCnj><<wanit>>ooyaambaaniin,GUESS
VTI,Pcp/ChCnj,VTI_aa,ayaan,ayaa,0PlHead,2PlSubj,0PlObj,Dub,Neg,eyaanziiwegweniin,<ChCnj><<ayaa>>nziiwegweniin,GUESS
VTI,Pcp/ChCnj,VTI_am,waabandan,waaband,0PlHead,2PlSubj,0PlObj,Dub,Neg,wayaabandanziiwegweniin,<ChCnj><<waaband>>anziiwegweniin,GUESS
VTI,Pcp/ChCnj,VTI_i,miijin,miiji,0PlHead,2PlSubj,0PlObj,Dub,Neg,maajisiiwegweniin,<ChCnj><<miiji>>siiwegweniin,GUESS
VTI,Pcp/ChCnj,VTI_oo,wanitoon,wanit,0PlHead,2PlSubj,0PlObj,Dub,Neg,wenitoosiiwegweniin,<ChCnj><<wanit>>oosiiwegweniin,GUESS
VTI,Pcp/ChCnj,VTI_aa,ayaan,ayaa,0PlHead,2PlSubj,0PlObj,Dub,Pos,MISSING,,
VTI,Pcp/ChCnj,VTI_am,waabandan,waaband,0PlHead,2PlSubj,0PlObj,Dub,Pos,wayaabandamowegweniin,<ChCnj><<waaband>>amowegweniin,GUESS
VTI,Pcp/ChCnj,VTI_i,miijin,miiji,0PlHead,2PlSubj,0PlObj,Dub,Pos,maajiwegweniin,<ChCnj><<miiji>>wegweniin,GUESS
VTI,Pcp/ChCnj,VTI_oo,wanitoon,wanit,0PlHead,2PlSubj,0PlObj,Dub,Pos,wenitoowegweniin,<ChCnj><<wanit>>oowegweniin,GUESS
VTI,Pcp/ChCnj,VTI_aa,ayaan,ayaa,0PlHead,2PlSubj,0PlObj,DubPrt,Neg,MISSING,,
VTI,Pcp/ChCnj,VTI_am,waabandan,waaband,0PlHead,2PlSubj,0PlObj,DubPrt,Neg,wayaabandanziiwegobaneniin,<ChCnj><<waaband>>anziiwegobaneniin,GUESS
VTI,Pcp/ChCnj,VTI_i,miijin,miiji,0PlHead,2PlSubj,0PlObj,DubPrt,Neg,maajisiiwegobaneniin,<ChCnj><<miiji>>siiwegobaneniin,GUESS
VTI,Pcp/ChCnj,VTI_oo,wanitoon,wanit,0PlHead,2PlSubj,0PlObj,DubPrt,Neg,wenitoosiiwegobaneniin,<ChCnj><<wanit>>oosiiwegobaneniin,GUESS
VTI,Pcp/ChCnj,VTI_aa,ayaan,ayaa,0PlHead,2PlSubj,0PlObj,DubPrt,Pos,MISSING,,
VTI,Pcp/ChCnj,VTI_am,waabandan,waaband,0PlHead,2PlSubj,0PlObj,DubPrt,Pos,wayaabandamowegobaneniin,<ChCnj><<waaband>>amowegobaneniin,GUESS
VTI,Pcp/ChCnj,VTI_i,miijin,miiji,0PlHead,2PlSubj,0PlObj,DubPrt,Pos,maajiwegobaneniin,<ChCnj><<miiji>>wegobaneniin,GUESS
VTI,Pcp/ChCnj,VTI_oo,wanitoon,wanit,0PlHead,2PlSubj,0PlObj,DubPrt,Pos,wenitoowegobaneniin,<ChCnj><<wanit>>oowegobaneniin,GUESS
VTI,Pcp/ChCnj,VTI_aa,ayaan,ayaa,0PlHead,2PlSubj,0PlObj,Neu,Neg,eyaanziwegin,<ChCnj><<ayaa>>nziwegin,GUESS
VTI,Pcp/ChCnj,VTI_am,waabandan,waaband,0PlHead,2PlSubj,0PlObj,Neu,Neg,wayaabandanziwegin,<ChCnj><<waaband>>anziwegin,GUESS
VTI,Pcp/ChCnj,VTI_i,miijin,miiji,0PlHead,2PlSubj,0PlObj,Neu,Neg,maajisiwegin,<ChCnj><<miiji>>siwegin,GUESS
VTI,Pcp/ChCnj,VTI_oo,wanitoon,wanit,0PlHead,2PlSubj,0PlObj,Neu,Neg,wenitoosiwegin,<ChCnj><<wanit>>oosiwegin,GUESS
VTI,Pcp/ChCnj,VTI_aa,ayaan,ayaa,0PlHead,2PlSubj,0PlObj,Neu,Pos,eyaamegin,<ChCnj><<ayaa>>megin,GUESS
VTI,Pcp/ChCnj,VTI_am,waabandan,waaband,0PlHead,2PlSubj,0PlObj,Neu,Pos,wayaabandamegin,<ChCnj><<waaband>>amegin,GUESS
VTI,Pcp/ChCnj,VTI_i,miijin,miiji,0PlHead,2PlSubj,0PlObj,Neu,Pos,maajiyegin,<ChCnj><<miiji>>yegin,GUESS
VTI,Pcp/ChCnj,VTI_oo,wanitoon,wanit,0PlHead,2PlSubj,0PlObj,Neu,Pos,wenitooyegin,<ChCnj><<wanit>>ooyegin,GUESS
VTI,Pcp/ChCnj,VTI_aa,ayaan,ayaa,0PlHead,2PlSubj,0PlObj,Prt,Neg,MISSING,,
VTI,Pcp/ChCnj,VTI_am,waabandan,waaband,0PlHead,2PlSubj,0PlObj,Prt,Neg,wayaabandanziwegobaniin,<ChCnj><<waaband>>anziwegobaniin,GUESS
VTI,Pcp/ChCnj,VTI_i,miijin,miiji,0PlHead,2PlSubj,0PlObj,Prt,Neg,maajisiwegobaniin,<ChCnj><<miiji>>siwegobaniin,GUESS
VTI,Pcp/ChCnj,VTI_oo,wanitoon,wanit,0PlHead,2PlSubj,0PlObj,Prt,Neg,wenitoosiwegobaniin,<ChCnj><<wanit>>oosiwegobaniin,GUESS
VTI,Pcp/ChCnj,VTI_aa,ayaan,ayaa,0PlHead,2PlSubj,0PlObj,Prt,Pos,MISSING,,
VTI,Pcp/ChCnj,VTI_am,waabandan,waaband,0PlHead,2PlSubj,0PlObj,Prt,Pos,wayaabandamegobaniin,<ChCnj><<waaband>>amegobaniin,GUESS
VTI,Pcp/ChCnj,VTI_i,miijin,miiji,0PlHead,2PlSubj,0PlObj,Prt,Pos,maajiyegobaniin,<ChCnj><<miiji>>yegobaniin,GUESS
VTI,Pcp/ChCnj,VTI_oo,wanitoon,wanit,0PlHead,2PlSubj,0PlObj,Prt,Pos,wenitooyegobaniin,<ChCnj><<wanit>>ooyegobaniin,GUESS
VTI,Pcp/ChCnj,VTI_aa,ayaan,ayaa,0PlHead,2SgSubj,0PlObj,Dub,Neg,eyaanziiwaneniin,<ChCnj><<ayaa>>nziiwaneniin,GUESS
VTI,Pcp/ChCnj,VTI_am,waabandan,waaband,0PlHead,2SgSubj,0PlObj,Dub,Neg,wayaabandanziiwaneniin,<ChCnj><<waaband>>anziiwaneniin,GUESS
VTI,Pcp/ChCnj,VTI_i,miijin,miiji,0PlHead,2SgSubj,0PlObj,Dub,Neg,maajisiiwaneniin,<ChCnj><<miiji>>siiwaneniin,GUESS
VTI,Pcp/ChCnj,VTI_oo,wanitoon,wanit,0PlHead,2SgSubj,0PlObj,Dub,Neg,wenitoosiiwaneniin,<ChCnj><<wanit>>oosiiwaneniin,GUESS
VTI,Pcp/ChCnj,VTI_aa,ayaan,ayaa,0PlHead,2SgSubj,0PlObj,Dub,Pos,MISSING,,
VTI,Pcp/ChCnj,VTI_am,waabandan,waaband,0PlHead,2SgSubj,0PlObj,Dub,Pos,wayaabandamowaneniin,<ChCnj><<waaband>>amowaneniin,GUESS
VTI,Pcp/ChCnj,VTI_i,miijin,miiji,0PlHead,2SgSubj,0PlObj,Dub,Pos,maajiwaneniin,<ChCnj><<miiji>>waneniin,GUESS
VTI,Pcp/ChCnj,VTI_oo,wanitoon,wanit,0PlHead,2SgSubj,0PlObj,Dub,Pos,wenitoowaneniin,<ChCnj><<wanit>>oowaneniin,GUESS
VTI,Pcp/ChCnj,VTI_aa,ayaan,ayaa,0PlHead,2SgSubj,0PlObj,DubPrt,Neg,MISSING,,
VTI,Pcp/ChCnj,VTI_am,waabandan,waaband,0PlHead,2SgSubj,0PlObj,DubPrt,Neg,wayaabandanziiwambaneniin,<ChCnj><<waaband>>anziiwambaneniin,GUESS
VTI,Pcp/ChCnj,VTI_i,miijin,miiji,0PlHead,2SgSubj,0PlObj,DubPrt,Neg,maajisiiwambaneniin,<ChCnj><<miiji>>siiwambaneniin,GUESS
VTI,Pcp/ChCnj,VTI_oo,wanitoon,wanit,0PlHead,2SgSubj,0PlObj,DubPrt,Neg,wenitoosiiwambaneniin,<ChCnj><<wanit>>oosiiwambaneniin,GUESS
VTI,Pcp/ChCnj,VTI_aa,ayaan,ayaa,0PlHead,2SgSubj,0PlObj,DubPrt,Pos,MISSING,,
VTI,Pcp/ChCnj,VTI_am,waabandan,waaband,0PlHead,2SgSubj,0PlObj,DubPrt,Pos,wayaabandamowambaneniin,<ChCnj><<waaband>>amowambaneniin,GUESS
VTI,Pcp/ChCnj,VTI_i,miijin,miiji,0PlHead,2SgSubj,0PlObj,DubPrt,Pos,maajiwambaneniin,<ChCnj><<miiji>>wambaneniin,GUESS
VTI,Pcp/ChCnj,VTI_oo,wanitoon,wanit,0PlHead,2SgSubj,0PlObj,DubPrt,Pos,wenitoowambaneniin,<ChCnj><<wanit>>oowambaneniin,GUESS
VTI,Pcp/ChCnj,VTI_aa,ayaan,ayaa,0PlHead,2SgSubj,0PlObj,Neu,Neg,eyaanziwanin,<ChCnj><<ayaa>>nziwanin,GUESS
VTI,Pcp/ChCnj,VTI_am,waabandan,waaband,0PlHead,2SgSubj,0PlObj,Neu,Neg,wayaabandanziwanin,<ChCnj><<waaband>>anziwanin,GUESS
VTI,Pcp/ChCnj,VTI_i,miijin,miiji,0PlHead,2SgSubj,0PlObj,Neu,Neg,maajisiwanin,<ChCnj><<miiji>>siwanin,GUESS
VTI,Pcp/ChCnj,VTI_oo,wanitoon,wanit,0PlHead,2SgSubj,0PlObj,Neu,Neg,wenitoosiwanin,<ChCnj><<wanit>>oosiwanin,GUESS
VTI,Pcp/ChCnj,VTI_aa,ayaan,ayaa,0PlHead,2SgSubj,0PlObj,Neu,Pos,eyaamanin,<ChCnj><<ayaa>>manin,GUESS
VTI,Pcp/ChCnj,VTI_am,waabandan,waaband,0PlHead,2SgSubj,0PlObj,Neu,Pos,wayaabandamanin,<ChCnj><<waaband>>amanin,GUESS
VTI,Pcp/ChCnj,VTI_i,miijin,miiji,0PlHead,2SgSubj,0PlObj,Neu,Pos,maajiyanin,<ChCnj><<miiji>>yanin,GUESS
VTI,Pcp/ChCnj,VTI_oo,wanitoon,wanit,0PlHead,2SgSubj,0PlObj,Neu,Pos,wenitooyanin,<ChCnj><<wanit>>ooyanin,GUESS
VTI,Pcp/ChCnj,VTI_aa,ayaan,ayaa,0PlHead,2SgSubj,0PlObj,Prt,Neg,MISSING,,
VTI,Pcp/ChCnj,VTI_am,waabandan,waaband,0PlHead,2SgSubj,0PlObj,Prt,Neg,wayaabandanziwambaniin,<ChCnj><<waaband>>anziwambaniin,GUESS
VTI,Pcp/ChCnj,VTI_i,miijin,miiji,0PlHead,2SgSubj,0PlObj,Prt,Neg,maajisiwambaniin,<ChCnj><<miiji>>siwambaniin,GUESS
VTI,Pcp/ChCnj,VTI_oo,wanitoon,wanit,0PlHead,2SgSubj,0PlObj,Prt,Neg,wenitoosiwambaniin,<ChCnj><<wanit>>oosiwambaniin,GUESS
VTI,Pcp/ChCnj,VTI_aa,ayaan,ayaa,0PlHead,2SgSubj,0PlObj,Prt,Pos,MISSING,,
VTI,Pcp/ChCnj,VTI_am,waabandan,waaband,0PlHead,2SgSubj,0PlObj,Prt,Pos,wayaabandamambaniin,<ChCnj><<waaband>>amambaniin,GUESS
VTI,Pcp/ChCnj,VTI_i,miijin,miiji,0PlHead,2SgSubj,0PlObj,Prt,Pos,maajiyambaniin,<ChCnj><<miiji>>yambaniin,GUESS
VTI,Pcp/ChCnj,VTI_oo,wanitoon,wanit,0PlHead,2SgSubj,0PlObj,Prt,Pos,wenitooyambaniin,<ChCnj><<wanit>>ooyambaniin,GUESS
VTI,Pcp/ChCnj,VTI_aa,ayaan,ayaa,0PlHead,3PlObvSubj,0PlObj,Dub,Neg,eyaanziinigweniin,<ChCnj><<ayaa>>nziinigweniin,GUESS
VTI,Pcp/ChCnj,VTI_am,waabandan,waaband,0PlHead,3PlObvSubj,0PlObj,Dub,Neg,wayaabandanziinigweniin,<ChCnj><<waaband>>anziinigweniin,GUESS
VTI,Pcp/ChCnj,VTI_i,miijin,miiji,0PlHead,3PlObvSubj,0PlObj,Dub,Neg,maajisiinigweniin,<ChCnj><<miiji>>siinigweniin,GUESS
VTI,Pcp/ChCnj,VTI_oo,wanitoon,wanit,0PlHead,3PlObvSubj,0PlObj,Dub,Neg,wenitoosiinigweniin,<ChCnj><<wanit>>oosiinigweniin,GUESS
VTI,Pcp/ChCnj,VTI_aa,ayaan,ayaa,0PlHead,3PlObvSubj,0PlObj,Dub,Pos,MISSING,,
VTI,Pcp/ChCnj,VTI_am,waabandan,waaband,0PlHead,3PlObvSubj,0PlObj,Dub,Pos,wayaabandaminigweniin,<ChCnj><<waaband>>aminigweniin,GUESS
VTI,Pcp/ChCnj,VTI_i,miijin,miiji,0PlHead,3PlObvSubj,0PlObj,Dub,Pos,maajinigweniin,<ChCnj><<miiji>>nigweniin,GUESS
VTI,Pcp/ChCnj,VTI_oo,wanitoon,wanit,0PlHead,3PlObvSubj,0PlObj,Dub,Pos,wenitoonigweniin,<ChCnj><<wanit>>oonigweniin,GUESS
VTI,Pcp/ChCnj,VTI_aa,ayaan,ayaa,0PlHead,3PlObvSubj,0PlObj,DubPrt,Neg,MISSING,,
VTI,Pcp/ChCnj,VTI_am,waabandan,waaband,0PlHead,3PlObvSubj,0PlObj,DubPrt,Neg,wayaabandanziinigobaneniin,<ChCnj><<waaband>>anziinigobaneniin,GUESS
VTI,Pcp/ChCnj,VTI_i,miijin,miiji,0PlHead,3PlObvSubj,0PlObj,DubPrt,Neg,maajisiinigobaneniin,<ChCnj><<miiji>>siinigobaneniin,GUESS
VTI,Pcp/ChCnj,VTI_oo,wanitoon,wanit,0PlHead,3PlObvSubj,0PlObj,DubPrt,Neg,wenitoosiinigobaneniin,<ChCnj><<wanit>>oosiinigobaneniin,GUESS
VTI,Pcp/ChCnj,VTI_aa,ayaan,ayaa,0PlHead,3PlObvSubj,0PlObj,DubPrt,Pos,MISSING,,
VTI,Pcp/ChCnj,VTI_am,waabandan,waaband,0PlHead,3PlObvSubj,0PlObj,DubPrt,Pos,wayaabandaminigobaneniin,<ChCnj><<waaband>>aminigobaneniin,GUESS
VTI,Pcp/ChCnj,VTI_i,miijin,miiji,0PlHead,3PlObvSubj,0PlObj,DubPrt,Pos,maajinigobaneniin,<ChCnj><<miiji>>nigobaneniin,GUESS
VTI,Pcp/ChCnj,VTI_oo,wanitoon,wanit,0PlHead,3PlObvSubj,0PlObj,DubPrt,Pos,wenitoonigobaneniin,<ChCnj><<wanit>>oonigobaneniin,GUESS
VTI,Pcp/ChCnj,VTI_aa,ayaan,ayaa,0PlHead,3PlObvSubj,0PlObj,Neu,Neg,eyaanzinigon,<ChCnj><<ayaa>>nzinigon,GUESS
VTI,Pcp/ChCnj,VTI_am,waabandan,waaband,0PlHead,3PlObvSubj,0PlObj,Neu,Neg,wayaabandanzinigon,<ChCnj><<waaband>>anzinigon,GUESS
VTI,Pcp/ChCnj,VTI_i,miijin,miiji,0PlHead,3PlObvSubj,0PlObj,Neu,Neg,maajisinigon,<ChCnj><<miiji>>sinigon,GUESS
VTI,Pcp/ChCnj,VTI_oo,wanitoon,wanit,0PlHead,3PlObvSubj,0PlObj,Neu,Neg,wenitoosinigon,<ChCnj><<wanit>>oosinigon,GUESS
VTI,Pcp/ChCnj,VTI_aa,ayaan,ayaa,0PlHead,3PlObvSubj,0PlObj,Neu,Pos,eyaaminijin,<ChCnj><<ayaa>>minijin,GUESS
VTI,Pcp/ChCnj,VTI_am,waabandan,waaband,0PlHead,3PlObvSubj,0PlObj,Neu,Pos,wayaabandaminijin,<ChCnj><<waaband>>aminijin,GUESS
VTI,Pcp/ChCnj,VTI_i,miijin,miiji,0PlHead,3PlObvSubj,0PlObj,Neu,Pos,maajinijin,<ChCnj><<miiji>>nijin,GUESS
VTI,Pcp/ChCnj,VTI_oo,wanitoon,wanit,0PlHead,3PlObvSubj,0PlObj,Neu,Pos,wenitoonijin,<ChCnj><<wanit>>oonijin,GUESS
VTI,Pcp/ChCnj,VTI_aa,ayaan,ayaa,0PlHead,3PlObvSubj,0PlObj,Prt,Neg,MISSING,,
VTI,Pcp/ChCnj,VTI_am,waabandan,waaband,0PlHead,3PlObvSubj,0PlObj,Prt,Neg,wayaabandanzinigobaniin,<ChCnj><<waaband>>anzinigobaniin,GUESS
VTI,Pcp/ChCnj,VTI_i,miijin,miiji,0PlHead,3PlObvSubj,0PlObj,Prt,Neg,maajisinigobaniin,<ChCnj><<miiji>>sinigobaniin,GUESS
VTI,Pcp/ChCnj,VTI_oo,wanitoon,wanit,0PlHead,3PlObvSubj,0PlObj,Prt,Neg,wenitoosinigobaniin,<ChCnj><<wanit>>oosinigobaniin,GUESS
VTI,Pcp/ChCnj,VTI_aa,ayaan,ayaa,0PlHead,3PlObvSubj,0PlObj,Prt,Pos,MISSING,,
VTI,Pcp/ChCnj,VTI_am,waabandan,waaband,0PlHead,3PlObvSubj,0PlObj,Prt,Pos,wayaabandaminipaniin,<ChCnj><<waaband>>aminipaniin,GUESS
VTI,Pcp/ChCnj,VTI_i,miijin,miiji,0PlHead,3PlObvSubj,0PlObj,Prt,Pos,maajinipaniin,<ChCnj><<miiji>>nipaniin,GUESS
VTI,Pcp/ChCnj,VTI_oo,wanitoon,wanit,0PlHead,3PlObvSubj,0PlObj,Prt,Pos,wenitoonipaniin,<ChCnj><<wanit>>oonipaniin,GUESS
VTI,Pcp/ChCnj,VTI_aa,ayaan,ayaa,3PlObvHead,3PlObvSubj,0PlObj,Dub,Neg,eyaanziinigweniin,<ChCnj><<ayaa>>nziinigweniin,GUESS
VTI,Pcp/ChCnj,VTI_am,waabandan,waaband,3PlObvHead,3PlObvSubj,0PlObj,Dub,Neg,wayaabandanziinigweniin,<ChCnj><<waaband>>anziinigweniin,GUESS
VTI,Pcp/ChCnj,VTI_i,miijin,miiji,3PlObvHead,3PlObvSubj,0PlObj,Dub,Neg,maajisiinigweniin,<ChCnj><<miiji>>siinigweniin,GUESS
VTI,Pcp/ChCnj,VTI_oo,wanitoon,wanit,3PlObvHead,3PlObvSubj,0PlObj,Dub,Neg,wenitoosiinigweniin,<ChCnj><<wanit>>oosiinigweniin,GUESS
VTI,Pcp/ChCnj,VTI_aa,ayaan,ayaa,3PlObvHead,3PlObvSubj,0PlObj,Dub,Pos,MISSING,,
VTI,Pcp/ChCnj,VTI_am,waabandan,waaband,3PlObvHead,3PlObvSubj,0PlObj,Dub,Pos,wayaabandaminigweniin,<ChCnj><<waaband>>aminigweniin,GUESS
VTI,Pcp/ChCnj,VTI_i,miijin,miiji,3PlObvHead,3PlObvSubj,0PlObj,Dub,Pos,maajinigweniin,<ChCnj><<miiji>>nigweniin,GUESS
VTI,Pcp/ChCnj,VTI_oo,wanitoon,wanit,3PlObvHead,3PlObvSubj,0PlObj,Dub,Pos,wenitoonigweniin,<ChCnj><<wanit>>oonigweniin,GUESS
VTI,Pcp/ChCnj,VTI_aa,ayaan,ayaa,3PlObvHead,3PlObvSubj,0PlObj,DubPrt,Neg,MISSING,,
VTI,Pcp/ChCnj,VTI_am,waabandan,waaband,3PlObvHead,3PlObvSubj,0PlObj,DubPrt,Neg,wayaabandanziinigobaneniin,<ChCnj><<waaband>>anziinigobaneniin,GUESS
VTI,Pcp/ChCnj,VTI_i,miijin,miiji,3PlObvHead,3PlObvSubj,0PlObj,DubPrt,Neg,maajisiinigobaneniin,<ChCnj><<miiji>>siinigobaneniin,GUESS
VTI,Pcp/ChCnj,VTI_oo,wanitoon,wanit,3PlObvHead,3PlObvSubj,0PlObj,DubPrt,Neg,wenitoosiinigobaneniin,<ChCnj><<wanit>>oosiinigobaneniin,GUESS
VTI,Pcp/ChCnj,VTI_aa,ayaan,ayaa,3PlObvHead,3PlObvSubj,0PlObj,DubPrt,Pos,MISSING,,
VTI,Pcp/ChCnj,VTI_am,waabandan,waaband,3PlObvHead,3PlObvSubj,0PlObj,DubPrt,Pos,wayaabandaminigobaneniin,<ChCnj><<waaband>>aminigobaneniin,GUESS
VTI,Pcp/ChCnj,VTI_i,miijin,miiji,3PlObvHead,3PlObvSubj,0PlObj,DubPrt,Pos,maajinigobaneniin,<ChCnj><<miiji>>nigobaneniin,GUESS
VTI,Pcp/ChCnj,VTI_oo,wanitoon,wanit,3PlObvHead,3PlObvSubj,0PlObj,DubPrt,Pos,wenitoonigobaneniin,<ChCnj><<wanit>>oonigobaneniin,GUESS
VTI,Pcp/ChCnj,VTI_aa,ayaan,ayaa,3PlObvHead,3PlObvSubj,0PlObj,Neu,Neg,eyaanzinigon,<ChCnj><<ayaa>>nzinigon,GUESS
VTI,Pcp/ChCnj,VTI_am,waabandan,waaband,3PlObvHead,3PlObvSubj,0PlObj,Neu,Neg,wayaabandanzinigon,<ChCnj><<waaband>>anzinigon,GUESS
VTI,Pcp/ChCnj,VTI_i,miijin,miiji,3PlObvHead,3PlObvSubj,0PlObj,Neu,Neg,maajisinigon,<ChCnj><<miiji>>sinigon,GUESS
VTI,Pcp/ChCnj,VTI_oo,wanitoon,wanit,3PlObvHead,3PlObvSubj,0PlObj,Neu,Neg,wenitoosinigon,<ChCnj><<wanit>>oosinigon,GUESS
VTI,Pcp/ChCnj,VTI_aa,ayaan,ayaa,3PlObvHead,3PlObvSubj,0PlObj,Neu,Pos,eyaaminijin,<ChCnj><<ayaa>>minijin,GUESS
VTI,Pcp/ChCnj,VTI_am,waabandan,waaband,3PlObvHead,3PlObvSubj,0PlObj,Neu,Pos,wayaabandaminijin,<ChCnj><<waaband>>aminijin,GUESS
VTI,Pcp/ChCnj,VTI_i,miijin,miiji,3PlObvHead,3PlObvSubj,0PlObj,Neu,Pos,maajinijin,<ChCnj><<miiji>>nijin,GUESS
VTI,Pcp/ChCnj,VTI_oo,wanitoon,wanit,3PlObvHead,3PlObvSubj,0PlObj,Neu,Pos,wenitoonijin,<ChCnj><<wanit>>oonijin,GUESS
VTI,Pcp/ChCnj,VTI_aa,ayaan,ayaa,3PlObvHead,3PlObvSubj,0PlObj,Prt,Neg,MISSING,,
VTI,Pcp/ChCnj,VTI_am,waabandan,waaband,3PlObvHead,3PlObvSubj,0PlObj,Prt,Neg,wayaabandanzinigobaniin,<ChCnj><<waaband>>anzinigobaniin,GUESS
VTI,Pcp/ChCnj,VTI_i,miijin,miiji,3PlObvHead,3PlObvSubj,0PlObj,Prt,Neg,maajisinigobaniin,<ChCnj><<miiji>>sinigobaniin,GUESS
VTI,Pcp/ChCnj,VTI_oo,wanitoon,wanit,3PlObvHead,3PlObvSubj,0PlObj,Prt,Neg,wenitoosinigobaniin,<ChCnj><<wanit>>oosinigobaniin,GUESS
VTI,Pcp/ChCnj,VTI_aa,ayaan,ayaa,3PlObvHead,3PlObvSubj,0PlObj,Prt,Pos,MISSING,,
VTI,Pcp/ChCnj,VTI_am,waabandan,waaband,3PlObvHead,3PlObvSubj,0PlObj,Prt,Pos,wayaabandaminipaniin,<ChCnj><<waaband>>aminipaniin,GUESS
VTI,Pcp/ChCnj,VTI_i,miijin,miiji,3PlObvHead,3PlObvSubj,0PlObj,Prt,Pos,maajinipaniin,<ChCnj><<miiji>>nipaniin,GUESS
VTI,Pcp/ChCnj,VTI_oo,wanitoon,wanit,3PlObvHead,3PlObvSubj,0PlObj,Prt,Pos,wenitoonipaniin,<ChCnj><<wanit>>oonipaniin,GUESS
VTI,Pcp/ChCnj,VTI_aa,ayaan,ayaa,0PlHead,3PlProxSubj,0PlObj,Dub,Neg,eyaanziiwaagweniin,<ChCnj><<ayaa>>nziiwaagweniin,GUESS
VTI,Pcp/ChCnj,VTI_am,waabandan,waaband,0PlHead,3PlProxSubj,0PlObj,Dub,Neg,wayaabandanziiwaagweniin,<ChCnj><<waaband>>anziiwaagweniin,GUESS
VTI,Pcp/ChCnj,VTI_i,miijin,miiji,0PlHead,3PlProxSubj,0PlObj,Dub,Neg,maajisiiwaagweniin,<ChCnj><<miiji>>siiwaagweniin,GUESS
VTI,Pcp/ChCnj,VTI_oo,wanitoon,wanit,0PlHead,3PlProxSubj,0PlObj,Dub,Neg,wenitoosiiwaagweniin,<ChCnj><<wanit>>oosiiwaagweniin,GUESS
VTI,Pcp/ChCnj,VTI_aa,ayaan,ayaa,0PlHead,3PlProxSubj,0PlObj,Dub,Pos,MISSING,,
VTI,Pcp/ChCnj,VTI_am,waabandan,waaband,0PlHead,3PlProxSubj,0PlObj,Dub,Pos,wayaabandamowaagweniin,<ChCnj><<waaband>>amowaagweniin,GUESS
VTI,Pcp/ChCnj,VTI_i,miijin,miiji,0PlHead,3PlProxSubj,0PlObj,Dub,Pos,maajiwaagweniin,<ChCnj><<miiji>>waagweniin,GUESS
VTI,Pcp/ChCnj,VTI_oo,wanitoon,wanit,0PlHead,3PlProxSubj,0PlObj,Dub,Pos,wenitoowaagweniin,<ChCnj><<wanit>>oowaagweniin,GUESS
VTI,Pcp/ChCnj,VTI_aa,ayaan,ayaa,0PlHead,3PlProxSubj,0PlObj,DubPrt,Neg,MISSING,,
VTI,Pcp/ChCnj,VTI_am,waabandan,waaband,0PlHead,3PlProxSubj,0PlObj,DubPrt,Neg,wayaabandanziiwaagobaneniin,<ChCnj><<waaband>>anziiwaagobaneniin,GUESS
VTI,Pcp/ChCnj,VTI_i,miijin,miiji,0PlHead,3PlProxSubj,0PlObj,DubPrt,Neg,maajisiiwaagobaneniin,<ChCnj><<miiji>>siiwaagobaneniin,GUESS
VTI,Pcp/ChCnj,VTI_oo,wanitoon,wanit,0PlHead,3PlProxSubj,0PlObj,DubPrt,Neg,wenitoosiiwaagobaneniin,<ChCnj><<wanit>>oosiiwaagobaneniin,GUESS
VTI,Pcp/ChCnj,VTI_aa,ayaan,ayaa,0PlHead,3PlProxSubj,0PlObj,DubPrt,Pos,MISSING,,
VTI,Pcp/ChCnj,VTI_am,waabandan,waaband,0PlHead,3PlProxSubj,0PlObj,DubPrt,Pos,wayaabandamowaagobaneniin,<ChCnj><<waaband>>amowaagobaneniin,GUESS
VTI,Pcp/ChCnj,VTI_i,miijin,miiji,0PlHead,3PlProxSubj,0PlObj,DubPrt,Pos,maajiwaagobaneniin,<ChCnj><<miiji>>waagobaneniin,GUESS
VTI,Pcp/ChCnj,VTI_oo,wanitoon,wanit,0PlHead,3PlProxSubj,0PlObj,DubPrt,Pos,wenitoowaagobaneniin,<ChCnj><<wanit>>oowaagobaneniin,GUESS
VTI,Pcp/ChCnj,VTI_aa,ayaan,ayaa,0PlHead,3PlProxSubj,0PlObj,Neu,Neg,eyaanziwaajin,<ChCnj><<ayaa>>nziwaajin,GUESS
VTI,Pcp/ChCnj,VTI_am,waabandan,waaband,0PlHead,3PlProxSubj,0PlObj,Neu,Neg,wayaabandanziwaajin,<ChCnj><<waaband>>anziwaajin,GUESS
VTI,Pcp/ChCnj,VTI_i,miijin,miiji,0PlHead,3PlProxSubj,0PlObj,Neu,Neg,maajisiwaajin,<ChCnj><<miiji>>siwaajin,GUESS
VTI,Pcp/ChCnj,VTI_oo,wanitoon,wanit,0PlHead,3PlProxSubj,0PlObj,Neu,Neg,wenitoosiwaajin,<ChCnj><<wanit>>oosiwaajin,GUESS
VTI,Pcp/ChCnj,VTI_aa,ayaan,ayaa,0PlHead,3PlProxSubj,0PlObj,Neu,Pos,eyaanziwaajin,<ChCnj><<ayaa>>nziwaajin,GUESS
VTI,Pcp/ChCnj,VTI_am,waabandan,waaband,0PlHead,3PlProxSubj,0PlObj,Neu,Pos,wayaabandanziwaajin,<ChCnj><<waaband>>anziwaajin,GUESS
VTI,Pcp/ChCnj,VTI_i,miijin,miiji,0PlHead,3PlProxSubj,0PlObj,Neu,Pos,maajisiwaajin,<ChCnj><<miiji>>siwaajin,GUESS
VTI,Pcp/ChCnj,VTI_oo,wanitoon,wanit,0PlHead,3PlProxSubj,0PlObj,Neu,Pos,wenitoosiwaajin,<ChCnj><<wanit>>oosiwaajin,GUESS
VTI,Pcp/ChCnj,VTI_aa,ayaan,ayaa,0PlHead,3PlProxSubj,0PlObj,Prt,Neg,MISSING,,
VTI,Pcp/ChCnj,VTI_am,waabandan,waaband,0PlHead,3PlProxSubj,0PlObj,Prt,Neg,wayaabandanzigwaabaniin,<ChCnj><<waaband>>anzigwaabaniin,GUESS
VTI,Pcp/ChCnj,VTI_i,miijin,miiji,0PlHead,3PlProxSubj,0PlObj,Prt,Neg,maajisigwaabaniin,<ChCnj><<miiji>>sigwaabaniin,GUESS
VTI,Pcp/ChCnj,VTI_oo,wanitoon,wanit,0PlHead,3PlProxSubj,0PlObj,Prt,Neg,wenitoosigwaabaniin,<ChCnj><<wanit>>oosigwaabaniin,GUESS
VTI,Pcp/ChCnj,VTI_aa,ayaan,ayaa,0PlHead,3PlProxSubj,0PlObj,Prt,Pos,MISSING,,
VTI,Pcp/ChCnj,VTI_am,waabandan,waaband,0PlHead,3PlProxSubj,0PlObj,Prt,Pos,wayaabandamowaapaniin,<ChCnj><<waaband>>amowaapaniin,GUESS
VTI,Pcp/ChCnj,VTI_i,miijin,miiji,0PlHead,3PlProxSubj,0PlObj,Prt,Pos,maajiwaapaniin,<ChCnj><<miiji>>waapaniin,GUESS
VTI,Pcp/ChCnj,VTI_oo,wanitoon,wanit,0PlHead,3PlProxSubj,0PlObj,Prt,Pos,wenitoowaapaniin,<ChCnj><<wanit>>oowaapaniin,GUESS
VTI,Pcp/ChCnj,VTI_aa,ayaan,ayaa,3PlProxHead,3PlProxSubj,0PlObj,Dub,Neg,eyaanziigweniig,<ChCnj><<ayaa>>nziigweniig,GUESS
VTI,Pcp/ChCnj,VTI_am,waabandan,waaband,3PlProxHead,3PlProxSubj,0PlObj,Dub,Neg,wayaabandanziigweniig,<ChCnj><<waaband>>anziigweniig,GUESS
VTI,Pcp/ChCnj,VTI_i,miijin,miiji,3PlProxHead,3PlProxSubj,0PlObj,Dub,Neg,maajisiigweniig,<ChCnj><<miiji>>siigweniig,GUESS
VTI,Pcp/ChCnj,VTI_oo,wanitoon,wanit,3PlProxHead,3PlProxSubj,0PlObj,Dub,Neg,wenitoosiigweniig,<ChCnj><<wanit>>oosiigweniig,GUESS
VTI,Pcp/ChCnj,VTI_aa,ayaan,ayaa,3PlProxHead,3PlProxSubj,0PlObj,Dub,Pos,MISSING,,
VTI,Pcp/ChCnj,VTI_am,waabandan,waaband,3PlProxHead,3PlProxSubj,0PlObj,Dub,Pos,wayaabandamogweniig,<ChCnj><<waaband>>amogweniig,GUESS
VTI,Pcp/ChCnj,VTI_i,miijin,miiji,3PlProxHead,3PlProxSubj,0PlObj,Dub,Pos,maajigweniig,<ChCnj><<miiji>>gweniig,GUESS
VTI,Pcp/ChCnj,VTI_oo,wanitoon,wanit,3PlProxHead,3PlProxSubj,0PlObj,Dub,Pos,wenitoogweniig,<ChCnj><<wanit>>oogweniig,GUESS
VTI,Pcp/ChCnj,VTI_aa,ayaan,ayaa,3PlProxHead,3PlProxSubj,0PlObj,DubPrt,Neg,MISSING,,
VTI,Pcp/ChCnj,VTI_am,waabandan,waaband,3PlProxHead,3PlProxSubj,0PlObj,DubPrt,Neg,wayaabandanziigobaneniig,<ChCnj><<waaband>>anziigobaneniig,GUESS
VTI,Pcp/ChCnj,VTI_i,miijin,miiji,3PlProxHead,3PlProxSubj,0PlObj,DubPrt,Neg,maajisiigobaneniig,<ChCnj><<miiji>>siigobaneniig,GUESS
VTI,Pcp/ChCnj,VTI_oo,wanitoon,wanit,3PlProxHead,3PlProxSubj,0PlObj,DubPrt,Neg,wenitoosiigobaneniig,<ChCnj><<wanit>>oosiigobaneniig,GUESS
VTI,Pcp/ChCnj,VTI_aa,ayaan,ayaa,3PlProxHead,3PlProxSubj,0PlObj,DubPrt,Pos,MISSING,,
VTI,Pcp/ChCnj,VTI_am,waabandan,waaband,3PlProxHead,3PlProxSubj,0PlObj,DubPrt,Pos,wayaabandamogobaneniig,<ChCnj><<waaband>>amogobaneniig,GUESS
VTI,Pcp/ChCnj,VTI_i,miijin,miiji,3PlProxHead,3PlProxSubj,0PlObj,DubPrt,Pos,maajigobaneniig,<ChCnj><<miiji>>gobaneniig,GUESS
VTI,Pcp/ChCnj,VTI_oo,wanitoon,wanit,3PlProxHead,3PlProxSubj,0PlObj,DubPrt,Pos,wenitoogobaneniig,<ChCnj><<wanit>>oogobaneniig,GUESS
VTI,Pcp/ChCnj,VTI_aa,ayaan,ayaa,3PlProxHead,3PlProxSubj,0PlObj,Neu,Neg,eyaanzigog,<ChCnj><<ayaa>>nzigog,GUESS
VTI,Pcp/ChCnj,VTI_am,waabandan,waaband,3PlProxHead,3PlProxSubj,0PlObj,Neu,Neg,wayaabandanzigog,<ChCnj><<waaband>>anzigog,GUESS
VTI,Pcp/ChCnj,VTI_i,miijin,miiji,3PlProxHead,3PlProxSubj,0PlObj,Neu,Neg,maajisigog,<ChCnj><<miiji>>sigog,GUESS
VTI,Pcp/ChCnj,VTI_oo,wanitoon,wanit,3PlProxHead,3PlProxSubj,0PlObj,Neu,Neg,wenitoosigog,<ChCnj><<wanit>>oosigog,GUESS
VTI,Pcp/ChCnj,VTI_aa,ayaan,ayaa,3PlProxHead,3PlProxSubj,0PlObj,Neu,Pos,eyaangig,<ChCnj><<ayaa>>ngig,GUESS
VTI,Pcp/ChCnj,VTI_am,waabandan,waaband,3PlProxHead,3PlProxSubj,0PlObj,Neu,Pos,wayaabandangig,<ChCnj><<waaband>>angig,GUESS
VTI,Pcp/ChCnj,VTI_i,miijin,miiji,3PlProxHead,3PlProxSubj,0PlObj,Neu,Pos,maajijig,<ChCnj><<miiji>>jig,GUESS
VTI,Pcp/ChCnj,VTI_oo,wanitoon,wanit,3PlProxHead,3PlProxSubj,0PlObj,Neu,Pos,wenitoojig,<ChCnj><<wanit>>oojig,GUESS
VTI,Pcp/ChCnj,VTI_aa,ayaan,ayaa,3PlProxHead,3PlProxSubj,0PlObj,Prt,Neg,MISSING,,
VTI,Pcp/ChCnj,VTI_am,waabandan,waaband,3PlProxHead,3PlProxSubj,0PlObj,Prt,Neg,wayaabandanzigobaniig,<ChCnj><<waaband>>anzigobaniig,GUESS
VTI,Pcp/ChCnj,VTI_i,miijin,miiji,3PlProxHead,3PlProxSubj,0PlObj,Prt,Neg,maajisigobaniig,<ChCnj><<miiji>>sigobaniig,GUESS
VTI,Pcp/ChCnj,VTI_oo,wanitoon,wanit,3PlProxHead,3PlProxSubj,0PlObj,Prt,Neg,wenitoosigobaniig,<ChCnj><<wanit>>oosigobaniig,GUESS
VTI,Pcp/ChCnj,VTI_aa,ayaan,ayaa,3PlProxHead,3PlProxSubj,0PlObj,Prt,Pos,MISSING,,
VTI,Pcp/ChCnj,VTI_am,waabandan,waaband,3PlProxHead,3PlProxSubj,0PlObj,Prt,Pos,wayaabandangibaniig,<ChCnj><<waaband>>angibaniig,GUESS
VTI,Pcp/ChCnj,VTI_i,miijin,miiji,3PlProxHead,3PlProxSubj,0PlObj,Prt,Pos,maajipaniig,<ChCnj><<miiji>>paniig,GUESS
VTI,Pcp/ChCnj,VTI_oo,wanitoon,wanit,3PlProxHead,3PlProxSubj,0PlObj,Prt,Pos,wenitoopaniig,<ChCnj><<wanit>>oopaniig,GUESS
VTI,Pcp/ChCnj,VTI_aa,ayaan,ayaa,0PlHead,3SgObvSubj,0PlObj,Dub,Neg,eyaanziinigweniin,<ChCnj><<ayaa>>nziinigweniin,GUESS
VTI,Pcp/ChCnj,VTI_am,waabandan,waaband,0PlHead,3SgObvSubj,0PlObj,Dub,Neg,wayaabandanziinigweniin,<ChCnj><<waaband>>anziinigweniin,GUESS
VTI,Pcp/ChCnj,VTI_i,miijin,miiji,0PlHead,3SgObvSubj,0PlObj,Dub,Neg,maajisiinigweniin,<ChCnj><<miiji>>siinigweniin,GUESS
VTI,Pcp/ChCnj,VTI_oo,wanitoon,wanit,0PlHead,3SgObvSubj,0PlObj,Dub,Neg,wenitoosiinigweniin,<ChCnj><<wanit>>oosiinigweniin,GUESS
VTI,Pcp/ChCnj,VTI_aa,ayaan,ayaa,0PlHead,3SgObvSubj,0PlObj,Dub,Pos,MISSING,,
VTI,Pcp/ChCnj,VTI_am,waabandan,waaband,0PlHead,3SgObvSubj,0PlObj,Dub,Pos,wayaabandaminigweniin,<ChCnj><<waaband>>aminigweniin,GUESS
VTI,Pcp/ChCnj,VTI_i,miijin,miiji,0PlHead,3SgObvSubj,0PlObj,Dub,Pos,maajinigweniin,<ChCnj><<miiji>>nigweniin,GUESS
VTI,Pcp/ChCnj,VTI_oo,wanitoon,wanit,0PlHead,3SgObvSubj,0PlObj,Dub,Pos,wenitoonigweniin,<ChCnj><<wanit>>oonigweniin,GUESS
VTI,Pcp/ChCnj,VTI_aa,ayaan,ayaa,0PlHead,3SgObvSubj,0PlObj,DubPrt,Neg,MISSING,,
VTI,Pcp/ChCnj,VTI_am,waabandan,waaband,0PlHead,3SgObvSubj,0PlObj,DubPrt,Neg,wayaabandanziinigobaneniin,<ChCnj><<waaband>>anziinigobaneniin,GUESS
VTI,Pcp/ChCnj,VTI_i,miijin,miiji,0PlHead,3SgObvSubj,0PlObj,DubPrt,Neg,maajisiinigobaneniin,<ChCnj><<miiji>>siinigobaneniin,GUESS
VTI,Pcp/ChCnj,VTI_oo,wanitoon,wanit,0PlHead,3SgObvSubj,0PlObj,DubPrt,Neg,wenitoosiinigobaneniin,<ChCnj><<wanit>>oosiinigobaneniin,GUESS
VTI,Pcp/ChCnj,VTI_aa,ayaan,ayaa,0PlHead,3SgObvSubj,0PlObj,DubPrt,Pos,MISSING,,
VTI,Pcp/ChCnj,VTI_am,waabandan,waaband,0PlHead,3SgObvSubj,0PlObj,DubPrt,Pos,wayaabandaminigobaneniin,<ChCnj><<waaband>>aminigobaneniin,GUESS
VTI,Pcp/ChCnj,VTI_i,miijin,miiji,0PlHead,3SgObvSubj,0PlObj,DubPrt,Pos,maajinigobaneniin,<ChCnj><<miiji>>nigobaneniin,GUESS
VTI,Pcp/ChCnj,VTI_oo,wanitoon,wanit,0PlHead,3SgObvSubj,0PlObj,DubPrt,Pos,wenitoonigobaneniin,<ChCnj><<wanit>>oonigobaneniin,GUESS
VTI,Pcp/ChCnj,VTI_aa,ayaan,ayaa,0PlHead,3SgObvSubj,0PlObj,Neu,Neg,eyaanzinigon,<ChCnj><<ayaa>>nzinigon,GUESS
VTI,Pcp/ChCnj,VTI_am,waabandan,waaband,0PlHead,3SgObvSubj,0PlObj,Neu,Neg,wayaabandanzinigon,<ChCnj><<waaband>>anzinigon,GUESS
VTI,Pcp/ChCnj,VTI_i,miijin,miiji,0PlHead,3SgObvSubj,0PlObj,Neu,Neg,maajisinigon,<ChCnj><<miiji>>sinigon,GUESS
VTI,Pcp/ChCnj,VTI_oo,wanitoon,wanit,0PlHead,3SgObvSubj,0PlObj,Neu,Neg,wenitoosinigon,<ChCnj><<wanit>>oosinigon,GUESS
VTI,Pcp/ChCnj,VTI_aa,ayaan,ayaa,0PlHead,3SgObvSubj,0PlObj,Neu,Pos,eyaaminijin,<ChCnj><<ayaa>>minijin,GUESS
VTI,Pcp/ChCnj,VTI_am,waabandan,waaband,0PlHead,3SgObvSubj,0PlObj,Neu,Pos,wayaabandaminijin,<ChCnj><<waaband>>aminijin,GUESS
VTI,Pcp/ChCnj,VTI_i,miijin,miiji,0PlHead,3SgObvSubj,0PlObj,Neu,Pos,maajinijin,<ChCnj><<miiji>>nijin,GUESS
VTI,Pcp/ChCnj,VTI_oo,wanitoon,wanit,0PlHead,3SgObvSubj,0PlObj,Neu,Pos,wenitoonijin,<ChCnj><<wanit>>oonijin,GUESS
VTI,Pcp/ChCnj,VTI_aa,ayaan,ayaa,0PlHead,3SgObvSubj,0PlObj,Prt,Neg,MISSING,,
VTI,Pcp/ChCnj,VTI_am,waabandan,waaband,0PlHead,3SgObvSubj,0PlObj,Prt,Neg,wayaabandanzinigobaniin,<ChCnj><<waaband>>anzinigobaniin,GUESS
VTI,Pcp/ChCnj,VTI_i,miijin,miiji,0PlHead,3SgObvSubj,0PlObj,Prt,Neg,maajisinigobaniin,<ChCnj><<miiji>>sinigobaniin,GUESS
VTI,Pcp/ChCnj,VTI_oo,wanitoon,wanit,0PlHead,3SgObvSubj,0PlObj,Prt,Neg,wenitoosinigobaniin,<ChCnj><<wanit>>oosinigobaniin,GUESS
VTI,Pcp/ChCnj,VTI_aa,ayaan,ayaa,0PlHead,3SgObvSubj,0PlObj,Prt,Pos,MISSING,,
VTI,Pcp/ChCnj,VTI_am,waabandan,waaband,0PlHead,3SgObvSubj,0PlObj,Prt,Pos,wayaabandaminipaniin,<ChCnj><<waaband>>aminipaniin,GUESS
VTI,Pcp/ChCnj,VTI_i,miijin,miiji,0PlHead,3SgObvSubj,0PlObj,Prt,Pos,maajinipaniin,<ChCnj><<miiji>>nipaniin,GUESS
VTI,Pcp/ChCnj,VTI_oo,wanitoon,wanit,0PlHead,3SgObvSubj,0PlObj,Prt,Pos,wenitoonipaniin,<ChCnj><<wanit>>oonipaniin,GUESS
VTI,Pcp/ChCnj,VTI_aa,ayaan,ayaa,3SgObvHead,3SgObvSubj,0PlObj,Dub,Neg,eyaanziinigweniin,<ChCnj><<ayaa>>nziinigweniin,GUESS
VTI,Pcp/ChCnj,VTI_am,waabandan,waaband,3SgObvHead,3SgObvSubj,0PlObj,Dub,Neg,wayaabandanziinigweniin,<ChCnj><<waaband>>anziinigweniin,GUESS
VTI,Pcp/ChCnj,VTI_i,miijin,miiji,3SgObvHead,3SgObvSubj,0PlObj,Dub,Neg,maajisiinigweniin,<ChCnj><<miiji>>siinigweniin,GUESS
VTI,Pcp/ChCnj,VTI_oo,wanitoon,wanit,3SgObvHead,3SgObvSubj,0PlObj,Dub,Neg,wenitoosiinigweniin,<ChCnj><<wanit>>oosiinigweniin,GUESS
VTI,Pcp/ChCnj,VTI_aa,ayaan,ayaa,3SgObvHead,3SgObvSubj,0PlObj,Dub,Pos,MISSING,,
VTI,Pcp/ChCnj,VTI_am,waabandan,waaband,3SgObvHead,3SgObvSubj,0PlObj,Dub,Pos,wayaabandaminigweniin,<ChCnj><<waaband>>aminigweniin,GUESS
VTI,Pcp/ChCnj,VTI_i,miijin,miiji,3SgObvHead,3SgObvSubj,0PlObj,Dub,Pos,maajinigweniin,<ChCnj><<miiji>>nigweniin,GUESS
VTI,Pcp/ChCnj,VTI_oo,wanitoon,wanit,3SgObvHead,3SgObvSubj,0PlObj,Dub,Pos,wenitoonigweniin,<ChCnj><<wanit>>oonigweniin,GUESS
VTI,Pcp/ChCnj,VTI_aa,ayaan,ayaa,3SgObvHead,3SgObvSubj,0PlObj,DubPrt,Neg,MISSING,,
VTI,Pcp/ChCnj,VTI_am,waabandan,waaband,3SgObvHead,3SgObvSubj,0PlObj,DubPrt,Neg,wayaabandanziinigobaneniin,<ChCnj><<waaband>>anziinigobaneniin,GUESS
VTI,Pcp/ChCnj,VTI_i,miijin,miiji,3SgObvHead,3SgObvSubj,0PlObj,DubPrt,Neg,maajisiinigobaneniin,<ChCnj><<miiji>>siinigobaneniin,GUESS
VTI,Pcp/ChCnj,VTI_oo,wanitoon,wanit,3SgObvHead,3SgObvSubj,0PlObj,DubPrt,Neg,wenitoosiinigobaneniin,<ChCnj><<wanit>>oosiinigobaneniin,GUESS
VTI,Pcp/ChCnj,VTI_aa,ayaan,ayaa,3SgObvHead,3SgObvSubj,0PlObj,DubPrt,Pos,MISSING,,
VTI,Pcp/ChCnj,VTI_am,waabandan,waaband,3SgObvHead,3SgObvSubj,0PlObj,DubPrt,Pos,wayaabandaminigobaneniin,<ChCnj><<waaband>>aminigobaneniin,GUESS
VTI,Pcp/ChCnj,VTI_i,miijin,miiji,3SgObvHead,3SgObvSubj,0PlObj,DubPrt,Pos,maajinigobaneniin,<ChCnj><<miiji>>nigobaneniin,GUESS
VTI,Pcp/ChCnj,VTI_oo,wanitoon,wanit,3SgObvHead,3SgObvSubj,0PlObj,DubPrt,Pos,wenitoonigobaneniin,<ChCnj><<wanit>>oonigobaneniin,GUESS
VTI,Pcp/ChCnj,VTI_aa,ayaan,ayaa,3SgObvHead,3SgObvSubj,0PlObj,Neu,Neg,eyaanzinigon,<ChCnj><<ayaa>>nzinigon,GUESS
VTI,Pcp/ChCnj,VTI_am,waabandan,waaband,3SgObvHead,3SgObvSubj,0PlObj,Neu,Neg,wayaabandanzinigon,<ChCnj><<waaband>>anzinigon,GUESS
VTI,Pcp/ChCnj,VTI_i,miijin,miiji,3SgObvHead,3SgObvSubj,0PlObj,Neu,Neg,maajisinigon,<ChCnj><<miiji>>sinigon,GUESS
VTI,Pcp/ChCnj,VTI_oo,wanitoon,wanit,3SgObvHead,3SgObvSubj,0PlObj,Neu,Neg,wenitoosinigon,<ChCnj><<wanit>>oosinigon,GUESS
VTI,Pcp/ChCnj,VTI_aa,ayaan,ayaa,3SgObvHead,3SgObvSubj,0PlObj,Neu,Pos,eyaaminijin,<ChCnj><<ayaa>>minijin,GUESS
VTI,Pcp/ChCnj,VTI_am,waabandan,waaband,3SgObvHead,3SgObvSubj,0PlObj,Neu,Pos,wayaabandaminijin,<ChCnj><<waaband>>aminijin,GUESS
VTI,Pcp/ChCnj,VTI_i,miijin,miiji,3SgObvHead,3SgObvSubj,0PlObj,Neu,Pos,maajinijin,<ChCnj><<miiji>>nijin,GUESS
VTI,Pcp/ChCnj,VTI_oo,wanitoon,wanit,3SgObvHead,3SgObvSubj,0PlObj,Neu,Pos,wenitoonijin,<ChCnj><<wanit>>oonijin,GUESS
VTI,Pcp/ChCnj,VTI_aa,ayaan,ayaa,3SgObvHead,3SgObvSubj,0PlObj,Prt,Neg,MISSING,,
VTI,Pcp/ChCnj,VTI_am,waabandan,waaband,3SgObvHead,3SgObvSubj,0PlObj,Prt,Neg,wayaabandanzinigobaniin,<ChCnj><<waaband>>anzinigobaniin,GUESS
VTI,Pcp/ChCnj,VTI_i,miijin,miiji,3SgObvHead,3SgObvSubj,0PlObj,Prt,Neg,maajisinigobaniin,<ChCnj><<miiji>>sinigobaniin,GUESS
VTI,Pcp/ChCnj,VTI_oo,wanitoon,wanit,3SgObvHead,3SgObvSubj,0PlObj,Prt,Neg,wenitoosinigobaniin,<ChCnj><<wanit>>oosinigobaniin,GUESS
VTI,Pcp/ChCnj,VTI_aa,ayaan,ayaa,3SgObvHead,3SgObvSubj,0PlObj,Prt,Pos,MISSING,,
VTI,Pcp/ChCnj,VTI_am,waabandan,waaband,3SgObvHead,3SgObvSubj,0PlObj,Prt,Pos,wayaabandaminipaniin,<ChCnj><<waaband>>aminipaniin,GUESS
VTI,Pcp/ChCnj,VTI_i,miijin,miiji,3SgObvHead,3SgObvSubj,0PlObj,Prt,Pos,maajinipaniin,<ChCnj><<miiji>>nipaniin,GUESS
VTI,Pcp/ChCnj,VTI_oo,wanitoon,wanit,3SgObvHead,3SgObvSubj,0PlObj,Prt,Pos,wenitoonipaniin,<ChCnj><<wanit>>oonipaniin,GUESS
VTI,Pcp/ChCnj,VTI_aa,ayaan,ayaa,0PlHead,3SgProxSubj,0PlObj,Dub,Neg,eyaanziigweniin,<ChCnj><<ayaa>>nziigweniin,GUESS
VTI,Pcp/ChCnj,VTI_am,waabandan,waaband,0PlHead,3SgProxSubj,0PlObj,Dub,Neg,wayaabandanziigweniin,<ChCnj><<waaband>>anziigweniin,GUESS
VTI,Pcp/ChCnj,VTI_i,miijin,miiji,0PlHead,3SgProxSubj,0PlObj,Dub,Neg,maajisiigweniin,<ChCnj><<miiji>>siigweniin,GUESS
VTI,Pcp/ChCnj,VTI_oo,wanitoon,wanit,0PlHead,3SgProxSubj,0PlObj,Dub,Neg,wenitoosiigweniin,<ChCnj><<wanit>>oosiigweniin,GUESS
VTI,Pcp/ChCnj,VTI_aa,ayaan,ayaa,0PlHead,3SgProxSubj,0PlObj,Dub,Pos,MISSING,,
VTI,Pcp/ChCnj,VTI_am,waabandan,waaband,0PlHead,3SgProxSubj,0PlObj,Dub,Pos,wayaabandamogweniin,<ChCnj><<waaband>>amogweniin,GUESS
VTI,Pcp/ChCnj,VTI_i,miijin,miiji,0PlHead,3SgProxSubj,0PlObj,Dub,Pos,maajigweniin,<ChCnj><<miiji>>gweniin,GUESS
VTI,Pcp/ChCnj,VTI_oo,wanitoon,wanit,0PlHead,3SgProxSubj,0PlObj,Dub,Pos,wenitoogweniin,<ChCnj><<wanit>>oogweniin,GUESS
VTI,Pcp/ChCnj,VTI_aa,ayaan,ayaa,0PlHead,3SgProxSubj,0PlObj,DubPrt,Neg,MISSING,,
VTI,Pcp/ChCnj,VTI_am,waabandan,waaband,0PlHead,3SgProxSubj,0PlObj,DubPrt,Neg,wayaabandanziigobaneniin,<ChCnj><<waaband>>anziigobaneniin,GUESS
VTI,Pcp/ChCnj,VTI_i,miijin,miiji,0PlHead,3SgProxSubj,0PlObj,DubPrt,Neg,maajisiigobaneniin,<ChCnj><<miiji>>siigobaneniin,GUESS
VTI,Pcp/ChCnj,VTI_oo,wanitoon,wanit,0PlHead,3SgProxSubj,0PlObj,DubPrt,Neg,wenitoosiigobaneniin,<ChCnj><<wanit>>oosiigobaneniin,GUESS
VTI,Pcp/ChCnj,VTI_aa,ayaan,ayaa,0PlHead,3SgProxSubj,0PlObj,DubPrt,Pos,MISSING,,
VTI,Pcp/ChCnj,VTI_am,waabandan,waaband,0PlHead,3SgProxSubj,0PlObj,DubPrt,Pos,wayaabandamogobaneniin,<ChCnj><<waaband>>amogobaneniin,GUESS
VTI,Pcp/ChCnj,VTI_i,miijin,miiji,0PlHead,3SgProxSubj,0PlObj,DubPrt,Pos,maajigobaneniin,<ChCnj><<miiji>>gobaneniin,GUESS
VTI,Pcp/ChCnj,VTI_oo,wanitoon,wanit,0PlHead,3SgProxSubj,0PlObj,DubPrt,Pos,wenitoogobaneniin,<ChCnj><<wanit>>oogobaneniin,GUESS
VTI,Pcp/ChCnj,VTI_aa,ayaan,ayaa,0PlHead,3SgProxSubj,0PlObj,Neu,Neg,eyaanzigon,<ChCnj><<ayaa>>nzigon,GUESS
VTI,Pcp/ChCnj,VTI_am,waabandan,waaband,0PlHead,3SgProxSubj,0PlObj,Neu,Neg,wayaabandanzigon,<ChCnj><<waaband>>anzigon,GUESS
VTI,Pcp/ChCnj,VTI_i,miijin,miiji,0PlHead,3SgProxSubj,0PlObj,Neu,Neg,maajisigon,<ChCnj><<miiji>>sigon,GUESS
VTI,Pcp/ChCnj,VTI_oo,wanitoon,wanit,0PlHead,3SgProxSubj,0PlObj,Neu,Neg,wenitoosigon,<ChCnj><<wanit>>oosigon,GUESS
VTI,Pcp/ChCnj,VTI_aa,ayaan,ayaa,0PlHead,3SgProxSubj,0PlObj,Neu,Pos,eyaangin,<ChCnj><<ayaa>>ngin,GUESS
VTI,Pcp/ChCnj,VTI_am,waabandan,waaband,0PlHead,3SgProxSubj,0PlObj,Neu,Pos,wayaabandangin,<ChCnj><<waaband>>angin,GUESS
VTI,Pcp/ChCnj,VTI_i,miijin,miiji,0PlHead,3SgProxSubj,0PlObj,Neu,Pos,maajijin,<ChCnj><<miiji>>jin,GUESS
VTI,Pcp/ChCnj,VTI_oo,wanitoon,wanit,0PlHead,3SgProxSubj,0PlObj,Neu,Pos,wenitoojin,<ChCnj><<wanit>>oojin,GUESS
VTI,Pcp/ChCnj,VTI_aa,ayaan,ayaa,0PlHead,3SgProxSubj,0PlObj,Prt,Neg,MISSING,,
VTI,Pcp/ChCnj,VTI_am,waabandan,waaband,0PlHead,3SgProxSubj,0PlObj,Prt,Neg,wayaabandanzigobaniin,<ChCnj><<waaband>>anzigobaniin,GUESS
VTI,Pcp/ChCnj,VTI_i,miijin,miiji,0PlHead,3SgProxSubj,0PlObj,Prt,Neg,maajisigobaniin,<ChCnj><<miiji>>sigobaniin,GUESS
VTI,Pcp/ChCnj,VTI_oo,wanitoon,wanit,0PlHead,3SgProxSubj,0PlObj,Prt,Neg,wenitoosigobaniin,<ChCnj><<wanit>>oosigobaniin,GUESS
VTI,Pcp/ChCnj,VTI_aa,ayaan,ayaa,0PlHead,3SgProxSubj,0PlObj,Prt,Pos,MISSING,,
VTI,Pcp/ChCnj,VTI_am,waabandan,waaband,0PlHead,3SgProxSubj,0PlObj,Prt,Pos,wayaabandangibaniin,<ChCnj><<waaband>>angibaniin,GUESS
VTI,Pcp/ChCnj,VTI_i,miijin,miiji,0PlHead,3SgProxSubj,0PlObj,Prt,Pos,maajipaniin,<ChCnj><<miiji>>paniin,GUESS
VTI,Pcp/ChCnj,VTI_oo,wanitoon,wanit,0PlHead,3SgProxSubj,0PlObj,Prt,Pos,wenitoopaniin,<ChCnj><<wanit>>oopaniin,GUESS
VTI,Pcp/ChCnj,VTI_aa,ayaan,ayaa,3SgProxHead,3SgProxSubj,0PlObj,Dub,Neg,eyaanziigwen,<ChCnj><<ayaa>>nziigwen,GUESS
VTI,Pcp/ChCnj,VTI_am,waabandan,waaband,3SgProxHead,3SgProxSubj,0PlObj,Dub,Neg,wayaabandanziigwen,<ChCnj><<waaband>>anziigwen,GUESS
VTI,Pcp/ChCnj,VTI_i,miijin,miiji,3SgProxHead,3SgProxSubj,0PlObj,Dub,Neg,maajisiigwen,<ChCnj><<miiji>>siigwen,GUESS
VTI,Pcp/ChCnj,VTI_oo,wanitoon,wanit,3SgProxHead,3SgProxSubj,0PlObj,Dub,Neg,wenitoosiigwen,<ChCnj><<wanit>>oosiigwen,GUESS
VTI,Pcp/ChCnj,VTI_aa,ayaan,ayaa,3SgProxHead,3SgProxSubj,0PlObj,Dub,Pos,MISSING,,
VTI,Pcp/ChCnj,VTI_am,waabandan,waaband,3SgProxHead,3SgProxSubj,0PlObj,Dub,Pos,wayaabandamogwen,<ChCnj><<waaband>>amogwen,GUESS
VTI,Pcp/ChCnj,VTI_i,miijin,miiji,3SgProxHead,3SgProxSubj,0PlObj,Dub,Pos,maajigwen,<ChCnj><<miiji>>gwen,GUESS
VTI,Pcp/ChCnj,VTI_oo,wanitoon,wanit,3SgProxHead,3SgProxSubj,0PlObj,Dub,Pos,wenitoogwen,<ChCnj><<wanit>>oogwen,GUESS
VTI,Pcp/ChCnj,VTI_aa,ayaan,ayaa,3SgProxHead,3SgProxSubj,0PlObj,DubPrt,Neg,MISSING,,
VTI,Pcp/ChCnj,VTI_am,waabandan,waaband,3SgProxHead,3SgProxSubj,0PlObj,DubPrt,Neg,wayaabandanziigobanen,<ChCnj><<waaband>>anziigobanen,GUESS
VTI,Pcp/ChCnj,VTI_i,miijin,miiji,3SgProxHead,3SgProxSubj,0PlObj,DubPrt,Neg,maajisiigobanen,<ChCnj><<miiji>>siigobanen,GUESS
VTI,Pcp/ChCnj,VTI_oo,wanitoon,wanit,3SgProxHead,3SgProxSubj,0PlObj,DubPrt,Neg,wenitoosiigobanen,<ChCnj><<wanit>>oosiigobanen,GUESS
VTI,Pcp/ChCnj,VTI_aa,ayaan,ayaa,3SgProxHead,3SgProxSubj,0PlObj,DubPrt,Pos,MISSING,,
VTI,Pcp/ChCnj,VTI_am,waabandan,waaband,3SgProxHead,3SgProxSubj,0PlObj,DubPrt,Pos,wayaabandamogobanen,<ChCnj><<waaband>>amogobanen,GUESS
VTI,Pcp/ChCnj,VTI_i,miijin,miiji,3SgProxHead,3SgProxSubj,0PlObj,DubPrt,Pos,maajigobanen,<ChCnj><<miiji>>gobanen,GUESS
VTI,Pcp/ChCnj,VTI_oo,wanitoon,wanit,3SgProxHead,3SgProxSubj,0PlObj,DubPrt,Pos,wenitoogobanen,<ChCnj><<wanit>>oogobanen,GUESS
VTI,Pcp/ChCnj,VTI_aa,ayaan,ayaa,3SgProxHead,3SgProxSubj,0PlObj,Neu,Neg,eyaanzig,<ChCnj><<ayaa>>nzig,GUESS
VTI,Pcp/ChCnj,VTI_am,waabandan,waaband,3SgProxHead,3SgProxSubj,0PlObj,Neu,Neg,wayaabandanzig,<ChCnj><<waaband>>anzig,GUESS
VTI,Pcp/ChCnj,VTI_i,miijin,miiji,3SgProxHead,3SgProxSubj,0PlObj,Neu,Neg,maajisig,<ChCnj><<miiji>>sig,GUESS
VTI,Pcp/ChCnj,VTI_oo,wanitoon,wanit,3SgProxHead,3SgProxSubj,0PlObj,Neu,Neg,wenitoosig,<ChCnj><<wanit>>oosig,GUESS
VTI,Pcp/ChCnj,VTI_aa,ayaan,ayaa,3SgProxHead,3SgProxSubj,0PlObj,Neu,Pos,eyaang,<ChCnj><<ayaa>>ng,GUESS
VTI,Pcp/ChCnj,VTI_am,waabandan,waaband,3SgProxHead,3SgProxSubj,0PlObj,Neu,Pos,wayaabandang,<ChCnj><<waaband>>ang,GUESS
VTI,Pcp/ChCnj,VTI_i,miijin,miiji,3SgProxHead,3SgProxSubj,0PlObj,Neu,Pos,maajid,<ChCnj><<miiji>>d,GUESS
VTI,Pcp/ChCnj,VTI_oo,wanitoon,wanit,3SgProxHead,3SgProxSubj,0PlObj,Neu,Pos,wenitood,<ChCnj><<wanit>>ood,GUESS
VTI,Pcp/ChCnj,VTI_aa,ayaan,ayaa,3SgProxHead,3SgProxSubj,0PlObj,Prt,Neg,MISSING,,
VTI,Pcp/ChCnj,VTI_am,waabandan,waaband,3SgProxHead,3SgProxSubj,0PlObj,Prt,Neg,wayaabandanzigoban,<ChCnj><<waaband>>anzigoban,GUESS
VTI,Pcp/ChCnj,VTI_i,miijin,miiji,3SgProxHead,3SgProxSubj,0PlObj,Prt,Neg,maajisigoban,<ChCnj><<miiji>>sigoban,GUESS
VTI,Pcp/ChCnj,VTI_oo,wanitoon,wanit,3SgProxHead,3SgProxSubj,0PlObj,Prt,Neg,wenitoosigoban,<ChCnj><<wanit>>oosigoban,GUESS
VTI,Pcp/ChCnj,VTI_aa,ayaan,ayaa,3SgProxHead,3SgProxSubj,0PlObj,Prt,Pos,MISSING,,
VTI,Pcp/ChCnj,VTI_am,waabandan,waaband,3SgProxHead,3SgProxSubj,0PlObj,Prt,Pos,wayaabandangiban,<ChCnj><<waaband>>angiban,GUESS
VTI,Pcp/ChCnj,VTI_i,miijin,miiji,3SgProxHead,3SgProxSubj,0PlObj,Prt,Pos,maajipan,<ChCnj><<miiji>>pan,GUESS
VTI,Pcp/ChCnj,VTI_oo,wanitoon,wanit,3SgProxHead,3SgProxSubj,0PlObj,Prt,Pos,wenitoopan,<ChCnj><<wanit>>oopan,GUESS
VTI,Pcp/ChCnj,VTI_aa,ayaan,ayaa,0PlHead,ExclSubj,0PlObj,Dub,Neg,eyaanziiwaangeniin,<ChCnj><<ayaa>>nziiwaangeniin,GUESS
VTI,Pcp/ChCnj,VTI_am,waabandan,waaband,0PlHead,ExclSubj,0PlObj,Dub,Neg,wayaabandanziiwaangeniin,<ChCnj><<waaband>>anziiwaangeniin,GUESS
VTI,Pcp/ChCnj,VTI_i,miijin,miiji,0PlHead,ExclSubj,0PlObj,Dub,Neg,maajisiiwaangeniin,<ChCnj><<miiji>>siiwaangeniin,GUESS
VTI,Pcp/ChCnj,VTI_oo,wanitoon,wanit,0PlHead,ExclSubj,0PlObj,Dub,Neg,wenitoosiiwaangeniin,<ChCnj><<wanit>>oosiiwaangeniin,GUESS
VTI,Pcp/ChCnj,VTI_aa,ayaan,ayaa,0PlHead,ExclSubj,0PlObj,Dub,Pos,MISSING,,
VTI,Pcp/ChCnj,VTI_am,waabandan,waaband,0PlHead,ExclSubj,0PlObj,Dub,Pos,wayaabandamowaangeniin,<ChCnj><<waaband>>amowaangeniin,GUESS
VTI,Pcp/ChCnj,VTI_i,miijin,miiji,0PlHead,ExclSubj,0PlObj,Dub,Pos,maajiwaangeniin,<ChCnj><<miiji>>waangeniin,GUESS
VTI,Pcp/ChCnj,VTI_oo,wanitoon,wanit,0PlHead,ExclSubj,0PlObj,Dub,Pos,wenitoowaangeniin,<ChCnj><<wanit>>oowaangeniin,GUESS
VTI,Pcp/ChCnj,VTI_aa,ayaan,ayaa,0PlHead,ExclSubj,0PlObj,DubPrt,Neg,MISSING,,
VTI,Pcp/ChCnj,VTI_am,waabandan,waaband,0PlHead,ExclSubj,0PlObj,DubPrt,Neg,wayaabandanziiwaangibaneniin,<ChCnj><<waaband>>anziiwaangibaneniin,GUESS
VTI,Pcp/ChCnj,VTI_i,miijin,miiji,0PlHead,ExclSubj,0PlObj,DubPrt,Neg,maajisiiwaangibaneniin,<ChCnj><<miiji>>siiwaangibaneniin,GUESS
VTI,Pcp/ChCnj,VTI_oo,wanitoon,wanit,0PlHead,ExclSubj,0PlObj,DubPrt,Neg,wenitoosiiwaangibaneniin,<ChCnj><<wanit>>oosiiwaangibaneniin,GUESS
VTI,Pcp/ChCnj,VTI_aa,ayaan,ayaa,0PlHead,ExclSubj,0PlObj,DubPrt,Pos,MISSING,,
VTI,Pcp/ChCnj,VTI_am,waabandan,waaband,0PlHead,ExclSubj,0PlObj,DubPrt,Pos,wayaabandamowaangibaneniin,<ChCnj><<waaband>>amowaangibaneniin,GUESS
VTI,Pcp/ChCnj,VTI_i,miijin,miiji,0PlHead,ExclSubj,0PlObj,DubPrt,Pos,maajiwaangibaneniin,<ChCnj><<miiji>>waangibaneniin,GUESS
VTI,Pcp/ChCnj,VTI_oo,wanitoon,wanit,0PlHead,ExclSubj,0PlObj,DubPrt,Pos,wenitoowaangibaneniin,<ChCnj><<wanit>>oowaangibaneniin,GUESS
VTI,Pcp/ChCnj,VTI_aa,ayaan,ayaa,0PlHead,ExclSubj,0PlObj,Neu,Neg,eyaanziwaangin,<ChCnj><<ayaa>>nziwaangin,GUESS
VTI,Pcp/ChCnj,VTI_am,waabandan,waaband,0PlHead,ExclSubj,0PlObj,Neu,Neg,wayaabandanziwaangin,<ChCnj><<waaband>>anziwaangin,GUESS
VTI,Pcp/ChCnj,VTI_i,miijin,miiji,0PlHead,ExclSubj,0PlObj,Neu,Neg,maajisiwaangin,<ChCnj><<miiji>>siwaangin,GUESS
VTI,Pcp/ChCnj,VTI_oo,wanitoon,wanit,0PlHead,ExclSubj,0PlObj,Neu,Neg,wenitoosiwaangin,<ChCnj><<wanit>>oosiwaangin,GUESS
VTI,Pcp/ChCnj,VTI_aa,ayaan,ayaa,0PlHead,ExclSubj,0PlObj,Neu,Pos,eyaamaangin,<ChCnj><<ayaa>>maangin,GUESS
VTI,Pcp/ChCnj,VTI_am,waabandan,waaband,0PlHead,ExclSubj,0PlObj,Neu,Pos,wayaabandamaangin,<ChCnj><<waaband>>amaangin,GUESS
VTI,Pcp/ChCnj,VTI_i,miijin,miiji,0PlHead,ExclSubj,0PlObj,Neu,Pos,maajiyaangin,<ChCnj><<miiji>>yaangin,GUESS
VTI,Pcp/ChCnj,VTI_oo,wanitoon,wanit,0PlHead,ExclSubj,0PlObj,Neu,Pos,wenitooyaangin,<ChCnj><<wanit>>ooyaangin,GUESS
VTI,Pcp/ChCnj,VTI_aa,ayaan,ayaa,0PlHead,ExclSubj,0PlObj,Prt,Neg,MISSING,,
VTI,Pcp/ChCnj,VTI_am,waabandan,waaband,0PlHead,ExclSubj,0PlObj,Prt,Neg,wayaabandanziwaangibaniin,<ChCnj><<waaband>>anziwaangibaniin,GUESS
VTI,Pcp/ChCnj,VTI_i,miijin,miiji,0PlHead,ExclSubj,0PlObj,Prt,Neg,maajisiwaangibaniin,<ChCnj><<miiji>>siwaangibaniin,GUESS
VTI,Pcp/ChCnj,VTI_oo,wanitoon,wanit,0PlHead,ExclSubj,0PlObj,Prt,Neg,wenitoosiwaangibaniin,<ChCnj><<wanit>>oosiwaangibaniin,GUESS
VTI,Pcp/ChCnj,VTI_aa,ayaan,ayaa,0PlHead,ExclSubj,0PlObj,Prt,Pos,MISSING,,
VTI,Pcp/ChCnj,VTI_am,waabandan,waaband,0PlHead,ExclSubj,0PlObj,Prt,Pos,wayaabandamaangibaniin,<ChCnj><<waaband>>amaangibaniin,GUESS
VTI,Pcp/ChCnj,VTI_i,miijin,miiji,0PlHead,ExclSubj,0PlObj,Prt,Pos,maajiyaangibaniin,<ChCnj><<miiji>>yaangibaniin,GUESS
VTI,Pcp/ChCnj,VTI_oo,wanitoon,wanit,0PlHead,ExclSubj,0PlObj,Prt,Pos,wenitooyaangibaniin,<ChCnj><<wanit>>ooyaangibaniin,GUESS
VTI,Pcp/ChCnj,VTI_aa,ayaan,ayaa,0PlHead,InclSubj,0PlObj,Dub,Neg,eyaanziiwangeniin,<ChCnj><<ayaa>>nziiwangeniin,GUESS
VTI,Pcp/ChCnj,VTI_am,waabandan,waaband,0PlHead,InclSubj,0PlObj,Dub,Neg,wayaabandanziiwangeniin,<ChCnj><<waaband>>anziiwangeniin,GUESS
VTI,Pcp/ChCnj,VTI_i,miijin,miiji,0PlHead,InclSubj,0PlObj,Dub,Neg,maajisiiwangeniin,<ChCnj><<miiji>>siiwangeniin,GUESS
VTI,Pcp/ChCnj,VTI_oo,wanitoon,wanit,0PlHead,InclSubj,0PlObj,Dub,Neg,wenitoosiiwangeniin,<ChCnj><<wanit>>oosiiwangeniin,GUESS
VTI,Pcp/ChCnj,VTI_aa,ayaan,ayaa,0PlHead,InclSubj,0PlObj,Dub,Pos,MISSING,,
VTI,Pcp/ChCnj,VTI_am,waabandan,waaband,0PlHead,InclSubj,0PlObj,Dub,Pos,wayaabandamowangeniin,<ChCnj><<waaband>>amowangeniin,GUESS
VTI,Pcp/ChCnj,VTI_i,miijin,miiji,0PlHead,InclSubj,0PlObj,Dub,Pos,maajiwangeniin,<ChCnj><<miiji>>wangeniin,GUESS
VTI,Pcp/ChCnj,VTI_oo,wanitoon,wanit,0PlHead,InclSubj,0PlObj,Dub,Pos,wenitoowangeniin,<ChCnj><<wanit>>oowangeniin,GUESS
VTI,Pcp/ChCnj,VTI_aa,ayaan,ayaa,0PlHead,InclSubj,0PlObj,DubPrt,Neg,MISSING,,
VTI,Pcp/ChCnj,VTI_am,waabandan,waaband,0PlHead,InclSubj,0PlObj,DubPrt,Neg,wayaabandanziiwangibaneniin,<ChCnj><<waaband>>anziiwangibaneniin,GUESS
VTI,Pcp/ChCnj,VTI_i,miijin,miiji,0PlHead,InclSubj,0PlObj,DubPrt,Neg,maajisiiwangibaneniin,<ChCnj><<miiji>>siiwangibaneniin,GUESS
VTI,Pcp/ChCnj,VTI_oo,wanitoon,wanit,0PlHead,InclSubj,0PlObj,DubPrt,Neg,wenitoosiiwangibaneniin,<ChCnj><<wanit>>oosiiwangibaneniin,GUESS
VTI,Pcp/ChCnj,VTI_aa,ayaan,ayaa,0PlHead,InclSubj,0PlObj,DubPrt,Pos,MISSING,,
VTI,Pcp/ChCnj,VTI_am,waabandan,waaband,0PlHead,InclSubj,0PlObj,DubPrt,Pos,wayaabandamowangibaneniin,<ChCnj><<waaband>>amowangibaneniin,GUESS
VTI,Pcp/ChCnj,VTI_i,miijin,miiji,0PlHead,InclSubj,0PlObj,DubPrt,Pos,maajiwangibaneniin,<ChCnj><<miiji>>wangibaneniin,GUESS
VTI,Pcp/ChCnj,VTI_oo,wanitoon,wanit,0PlHead,InclSubj,0PlObj,DubPrt,Pos,wenitoowangibaneniin,<ChCnj><<wanit>>oowangibaneniin,GUESS
VTI,Pcp/ChCnj,VTI_aa,ayaan,ayaa,0PlHead,InclSubj,0PlObj,Neu,Neg,eyaanziwangin,<ChCnj><<ayaa>>nziwangin,GUESS
VTI,Pcp/ChCnj,VTI_am,waabandan,waaband,0PlHead,InclSubj,0PlObj,Neu,Neg,wayaabandanziwangin,<ChCnj><<waaband>>anziwangin,GUESS
VTI,Pcp/ChCnj,VTI_i,miijin,miiji,0PlHead,InclSubj,0PlObj,Neu,Neg,maajisiwangin,<ChCnj><<miiji>>siwangin,GUESS
VTI,Pcp/ChCnj,VTI_oo,wanitoon,wanit,0PlHead,InclSubj,0PlObj,Neu,Neg,wenitoosiwangin,<ChCnj><<wanit>>oosiwangin,GUESS
VTI,Pcp/ChCnj,VTI_aa,ayaan,ayaa,0PlHead,InclSubj,0PlObj,Neu,Pos,eyaamangin,<ChCnj><<ayaa>>mangin,GUESS
VTI,Pcp/ChCnj,VTI_am,waabandan,waaband,0PlHead,InclSubj,0PlObj,Neu,Pos,wayaabandamangin,<ChCnj><<waaband>>amangin,GUESS
VTI,Pcp/ChCnj,VTI_i,miijin,miiji,0PlHead,InclSubj,0PlObj,Neu,Pos,maajiyangin,<ChCnj><<miiji>>yangin,GUESS
VTI,Pcp/ChCnj,VTI_oo,wanitoon,wanit,0PlHead,InclSubj,0PlObj,Neu,Pos,wenitooyangin,<ChCnj><<wanit>>ooyangin,GUESS
VTI,Pcp/ChCnj,VTI_aa,ayaan,ayaa,0PlHead,InclSubj,0PlObj,Prt,Neg,MISSING,,
VTI,Pcp/ChCnj,VTI_am,waabandan,waaband,0PlHead,InclSubj,0PlObj,Prt,Neg,wayaabandanziwangibaniin,<ChCnj><<waaband>>anziwangibaniin,GUESS
VTI,Pcp/ChCnj,VTI_i,miijin,miiji,0PlHead,InclSubj,0PlObj,Prt,Neg,maajisiwangibaniin,<ChCnj><<miiji>>siwangibaniin,GUESS
VTI,Pcp/ChCnj,VTI_oo,wanitoon,wanit,0PlHead,InclSubj,0PlObj,Prt,Neg,wenitoosiwangibaniin,<ChCnj><<wanit>>oosiwangibaniin,GUESS
VTI,Pcp/ChCnj,VTI_aa,ayaan,ayaa,0PlHead,InclSubj,0PlObj,Prt,Pos,MISSING,,
VTI,Pcp/ChCnj,VTI_am,waabandan,waaband,0PlHead,InclSubj,0PlObj,Prt,Pos,wayaabandamangibaniin,<ChCnj><<waaband>>amangibaniin,GUESS
VTI,Pcp/ChCnj,VTI_i,miijin,miiji,0PlHead,InclSubj,0PlObj,Prt,Pos,maajiyangibaniin,<ChCnj><<miiji>>yangibaniin,GUESS
VTI,Pcp/ChCnj,VTI_oo,wanitoon,wanit,0PlHead,InclSubj,0PlObj,Prt,Pos,wenitooyangibaniin,<ChCnj><<wanit>>ooyangibaniin,GUESS
VTI,Pcp/ChCnj,VTI_aa,ayaan,ayaa,0PlHead,XSubj,0PlObj,Dub,Neg,eyaanziiwiingeniin,<ChCnj><<ayaa>>nziiwiingeniin,GUESS
VTI,Pcp/ChCnj,VTI_am,waabandan,waaband,0PlHead,XSubj,0PlObj,Dub,Neg,wayaabandanziiwiingeniin,<ChCnj><<waaband>>anziiwiingeniin,GUESS
VTI,Pcp/ChCnj,VTI_i,miijin,miiji,0PlHead,XSubj,0PlObj,Dub,Neg,maajisiiwiingeniin,<ChCnj><<miiji>>siiwiingeniin,GUESS
VTI,Pcp/ChCnj,VTI_oo,wanitoon,wanit,0PlHead,XSubj,0PlObj,Dub,Neg,wenitoosiiwiingeniin,<ChCnj><<wanit>>oosiiwiingeniin,GUESS
VTI,Pcp/ChCnj,VTI_aa,ayaan,ayaa,0PlHead,XSubj,0PlObj,Dub,Pos,MISSING,,
VTI,Pcp/ChCnj,VTI_am,waabandan,waaband,0PlHead,XSubj,0PlObj,Dub,Pos,wayaabandamowiingeniin,<ChCnj><<waaband>>amowiingeniin,GUESS
VTI,Pcp/ChCnj,VTI_i,miijin,miiji,0PlHead,XSubj,0PlObj,Dub,Pos,maajiwiingeniin,<ChCnj><<miiji>>wiingeniin,GUESS
VTI,Pcp/ChCnj,VTI_oo,wanitoon,wanit,0PlHead,XSubj,0PlObj,Dub,Pos,wenitoowiingeniin,<ChCnj><<wanit>>oowiingeniin,GUESS
VTI,Pcp/ChCnj,VTI_aa,ayaan,ayaa,0PlHead,XSubj,0PlObj,DubPrt,Neg,MISSING,,
VTI,Pcp/ChCnj,VTI_am,waabandan,waaband,0PlHead,XSubj,0PlObj,DubPrt,Neg,wayaabandanziiwiingibaneniin,<ChCnj><<waaband>>anziiwiingibaneniin,GUESS
VTI,Pcp/ChCnj,VTI_i,miijin,miiji,0PlHead,XSubj,0PlObj,DubPrt,Neg,maajisiiwiingibaneniin,<ChCnj><<miiji>>siiwiingibaneniin,GUESS
VTI,Pcp/ChCnj,VTI_oo,wanitoon,wanit,0PlHead,XSubj,0PlObj,DubPrt,Neg,wenitoosiiwiingibaneniin,<ChCnj><<wanit>>oosiiwiingibaneniin,GUESS
VTI,Pcp/ChCnj,VTI_aa,ayaan,ayaa,0PlHead,XSubj,0PlObj,DubPrt,Pos,MISSING,,
VTI,Pcp/ChCnj,VTI_am,waabandan,waaband,0PlHead,XSubj,0PlObj,DubPrt,Pos,wayaabandamowiingibaneniin,<ChCnj><<waaband>>amowiingibaneniin,GUESS
VTI,Pcp/ChCnj,VTI_i,miijin,miiji,0PlHead,XSubj,0PlObj,DubPrt,Pos,maajiwiingibaneniin,<ChCnj><<miiji>>wiingibaneniin,GUESS
VTI,Pcp/ChCnj,VTI_oo,wanitoon,wanit,0PlHead,XSubj,0PlObj,DubPrt,Pos,wenitoowiingibaneniin,<ChCnj><<wanit>>oowiingibaneniin,GUESS
VTI,Pcp/ChCnj,VTI_aa,ayaan,ayaa,0PlHead,XSubj,0PlObj,Neu,Neg,eyaanzingin,<ChCnj><<ayaa>>nzingin,GUESS
VTI,Pcp/ChCnj,VTI_am,waabandan,waaband,0PlHead,XSubj,0PlObj,Neu,Neg,wayaabandanzingin,<ChCnj><<waaband>>anzingin,GUESS
VTI,Pcp/ChCnj,VTI_i,miijin,miiji,0PlHead,XSubj,0PlObj,Neu,Neg,maajisingin,<ChCnj><<miiji>>singin,GUESS
VTI,Pcp/ChCnj,VTI_oo,wanitoon,wanit,0PlHead,XSubj,0PlObj,Neu,Neg,wenitoosingin,<ChCnj><<wanit>>oosingin,GUESS
VTI,Pcp/ChCnj,VTI_aa,ayaan,ayaa,0PlHead,XSubj,0PlObj,Neu,Pos,eyaamingin,<ChCnj><<ayaa>>mingin,GUESS
VTI,Pcp/ChCnj,VTI_am,waabandan,waaband,0PlHead,XSubj,0PlObj,Neu,Pos,wayaabandamingin,<ChCnj><<waaband>>amingin,GUESS
VTI,Pcp/ChCnj,VTI_i,miijin,miiji,0PlHead,XSubj,0PlObj,Neu,Pos,maajingin,<ChCnj><<miiji>>ngin,GUESS
VTI,Pcp/ChCnj,VTI_oo,wanitoon,wanit,0PlHead,XSubj,0PlObj,Neu,Pos,wenitoongin,<ChCnj><<wanit>>oongin,GUESS
VTI,Pcp/ChCnj,VTI_aa,ayaan,ayaa,0PlHead,XSubj,0PlObj,Prt,Neg,MISSING,,
VTI,Pcp/ChCnj,VTI_am,waabandan,waaband,0PlHead,XSubj,0PlObj,Prt,Neg,wayaabandanzingibaniin,<ChCnj><<waaband>>anzingibaniin,GUESS
VTI,Pcp/ChCnj,VTI_i,miijin,miiji,0PlHead,XSubj,0PlObj,Prt,Neg,maajisingibaniin,<ChCnj><<miiji>>singibaniin,GUESS
VTI,Pcp/ChCnj,VTI_oo,wanitoon,wanit,0PlHead,XSubj,0PlObj,Prt,Neg,wenitoosingibaniin,<ChCnj><<wanit>>oosingibaniin,GUESS
VTI,Pcp/ChCnj,VTI_aa,ayaan,ayaa,0PlHead,XSubj,0PlObj,Prt,Pos,MISSING,,
VTI,Pcp/ChCnj,VTI_am,waabandan,waaband,0PlHead,XSubj,0PlObj,Prt,Pos,wayaabandamingibaniin,<ChCnj><<waaband>>amingibaniin,GUESS
VTI,Pcp/ChCnj,VTI_i,miijin,miiji,0PlHead,XSubj,0PlObj,Prt,Pos,maajingibaniin,<ChCnj><<miiji>>ngibaniin,GUESS
VTI,Pcp/ChCnj,VTI_oo,wanitoon,wanit,0PlHead,XSubj,0PlObj,Prt,Pos,wenitoongibaniin,<ChCnj><<wanit>>oongibaniin,GUESS
VTI,Pcp/ChCnj,VTI_aa,ayaan,ayaa,0SgHead,1SgSubj,0SgObj,Dub,Neg,eyaanziiwaanen,<ChCnj><<ayaa>>nziiwaanen,GUESS
VTI,Pcp/ChCnj,VTI_am,waabandan,waaband,0SgHead,1SgSubj,0SgObj,Dub,Neg,wayaabandanziiwaanen,<ChCnj><<waaband>>anziiwaanen,GUESS
VTI,Pcp/ChCnj,VTI_i,miijin,miiji,0SgHead,1SgSubj,0SgObj,Dub,Neg,maajisiiwaanen,<ChCnj><<miiji>>siiwaanen,GUESS
VTI,Pcp/ChCnj,VTI_oo,wanitoon,wanit,0SgHead,1SgSubj,0SgObj,Dub,Neg,wenitoosiiwaanen,<ChCnj><<wanit>>oosiiwaanen,GUESS
VTI,Pcp/ChCnj,VTI_aa,ayaan,ayaa,0SgHead,1SgSubj,0SgObj,Dub,Pos,MISSING,,
VTI,Pcp/ChCnj,VTI_am,waabandan,waaband,0SgHead,1SgSubj,0SgObj,Dub,Pos,wayaabandamowaanen,<ChCnj><<waaband>>amowaanen,GUESS
VTI,Pcp/ChCnj,VTI_i,miijin,miiji,0SgHead,1SgSubj,0SgObj,Dub,Pos,maajiwaanen,<ChCnj><<miiji>>waanen,GUESS
VTI,Pcp/ChCnj,VTI_oo,wanitoon,wanit,0SgHead,1SgSubj,0SgObj,Dub,Pos,wenitoowaanen,<ChCnj><<wanit>>oowaanen,GUESS
VTI,Pcp/ChCnj,VTI_aa,ayaan,ayaa,0SgHead,1SgSubj,0SgObj,DubPrt,Neg,MISSING,,
VTI,Pcp/ChCnj,VTI_am,waabandan,waaband,0SgHead,1SgSubj,0SgObj,DubPrt,Neg,wayaabandanziiwaambaanen,<ChCnj><<waaband>>anziiwaambaanen,GUESS
VTI,Pcp/ChCnj,VTI_i,miijin,miiji,0SgHead,1SgSubj,0SgObj,DubPrt,Neg,maajisiiwaambaanen,<ChCnj><<miiji>>siiwaambaanen,GUESS
VTI,Pcp/ChCnj,VTI_oo,wanitoon,wanit,0SgHead,1SgSubj,0SgObj,DubPrt,Neg,wenitoosiiwaambaanen,<ChCnj><<wanit>>oosiiwaambaanen,GUESS
VTI,Pcp/ChCnj,VTI_aa,ayaan,ayaa,0SgHead,1SgSubj,0SgObj,DubPrt,Pos,MISSING,,
VTI,Pcp/ChCnj,VTI_am,waabandan,waaband,0SgHead,1SgSubj,0SgObj,DubPrt,Pos,wayaabandamowaambaanen,<ChCnj><<waaband>>amowaambaanen,GUESS
VTI,Pcp/ChCnj,VTI_i,miijin,miiji,0SgHead,1SgSubj,0SgObj,DubPrt,Pos,maajiwaambaanen,<ChCnj><<miiji>>waambaanen,GUESS
VTI,Pcp/ChCnj,VTI_oo,wanitoon,wanit,0SgHead,1SgSubj,0SgObj,DubPrt,Pos,wenitoowaambaanen,<ChCnj><<wanit>>oowaambaanen,GUESS
VTI,Pcp/ChCnj,VTI_aa,ayaan,ayaa,0SgHead,1SgSubj,0SgObj,Neu,Neg,eyaanziwaan,<ChCnj><<ayaa>>nziwaan,GUESS
VTI,Pcp/ChCnj,VTI_am,waabandan,waaband,0SgHead,1SgSubj,0SgObj,Neu,Neg,wayaabandanziwaan,<ChCnj><<waaband>>anziwaan,GUESS
VTI,Pcp/ChCnj,VTI_i,miijin,miiji,0SgHead,1SgSubj,0SgObj,Neu,Neg,maajisiwaan,<ChCnj><<miiji>>siwaan,GUESS
VTI,Pcp/ChCnj,VTI_oo,wanitoon,wanit,0SgHead,1SgSubj,0SgObj,Neu,Neg,wenitoosiwaan,<ChCnj><<wanit>>oosiwaan,GUESS
VTI,Pcp/ChCnj,VTI_aa,ayaan,ayaa,0SgHead,1SgSubj,0SgObj,Neu,Pos,eyaamaan,<ChCnj><<ayaa>>maan,GUESS
VTI,Pcp/ChCnj,VTI_am,waabandan,waaband,0SgHead,1SgSubj,0SgObj,Neu,Pos,wayaabandamaan,<ChCnj><<waaband>>amaan,GUESS
VTI,Pcp/ChCnj,VTI_i,miijin,miiji,0SgHead,1SgSubj,0SgObj,Neu,Pos,maajiyaan,<ChCnj><<miiji>>yaan,GUESS
VTI,Pcp/ChCnj,VTI_oo,wanitoon,wanit,0SgHead,1SgSubj,0SgObj,Neu,Pos,wenitooyaan,<ChCnj><<wanit>>ooyaan,GUESS
VTI,Pcp/ChCnj,VTI_aa,ayaan,ayaa,0SgHead,1SgSubj,0SgObj,Prt,Neg,MISSING,,
VTI,Pcp/ChCnj,VTI_am,waabandan,waaband,0SgHead,1SgSubj,0SgObj,Prt,Neg,wayaabandanziwaambaan,<ChCnj><<waaband>>anziwaambaan,GUESS
VTI,Pcp/ChCnj,VTI_i,miijin,miiji,0SgHead,1SgSubj,0SgObj,Prt,Neg,maajisiwaambaan,<ChCnj><<miiji>>siwaambaan,GUESS
VTI,Pcp/ChCnj,VTI_oo,wanitoon,wanit,0SgHead,1SgSubj,0SgObj,Prt,Neg,wenitoosiwaambaan,<ChCnj><<wanit>>oosiwaambaan,GUESS
VTI,Pcp/ChCnj,VTI_aa,ayaan,ayaa,0SgHead,1SgSubj,0SgObj,Prt,Pos,MISSING,,
VTI,Pcp/ChCnj,VTI_am,waabandan,waaband,0SgHead,1SgSubj,0SgObj,Prt,Pos,wayaabandamaambaan,<ChCnj><<waaband>>amaambaan,GUESS
VTI,Pcp/ChCnj,VTI_i,miijin,miiji,0SgHead,1SgSubj,0SgObj,Prt,Pos,maajiyaambaan,<ChCnj><<miiji>>yaambaan,GUESS
VTI,Pcp/ChCnj,VTI_oo,wanitoon,wanit,0SgHead,1SgSubj,0SgObj,Prt,Pos,wenitooyaambaan,<ChCnj><<wanit>>ooyaambaan,GUESS
VTI,Pcp/ChCnj,VTI_aa,ayaan,ayaa,0SgHead,2PlSubj,0SgObj,Dub,Neg,eyaanziiwegwen,<ChCnj><<ayaa>>nziiwegwen,GUESS
VTI,Pcp/ChCnj,VTI_am,waabandan,waaband,0SgHead,2PlSubj,0SgObj,Dub,Neg,wayaabandanziiwegwen,<ChCnj><<waaband>>anziiwegwen,GUESS
VTI,Pcp/ChCnj,VTI_i,miijin,miiji,0SgHead,2PlSubj,0SgObj,Dub,Neg,maajisiiwegwen,<ChCnj><<miiji>>siiwegwen,GUESS
VTI,Pcp/ChCnj,VTI_oo,wanitoon,wanit,0SgHead,2PlSubj,0SgObj,Dub,Neg,wenitoosiiwegwen,<ChCnj><<wanit>>oosiiwegwen,GUESS
VTI,Pcp/ChCnj,VTI_aa,ayaan,ayaa,0SgHead,2PlSubj,0SgObj,Dub,Pos,MISSING,,
VTI,Pcp/ChCnj,VTI_am,waabandan,waaband,0SgHead,2PlSubj,0SgObj,Dub,Pos,wayaabandamowegwen,<ChCnj><<waaband>>amowegwen,GUESS
VTI,Pcp/ChCnj,VTI_i,miijin,miiji,0SgHead,2PlSubj,0SgObj,Dub,Pos,maajiwegwen,<ChCnj><<miiji>>wegwen,GUESS
VTI,Pcp/ChCnj,VTI_oo,wanitoon,wanit,0SgHead,2PlSubj,0SgObj,Dub,Pos,wenitoowegwen,<ChCnj><<wanit>>oowegwen,GUESS
VTI,Pcp/ChCnj,VTI_aa,ayaan,ayaa,0SgHead,2PlSubj,0SgObj,DubPrt,Neg,MISSING,,
VTI,Pcp/ChCnj,VTI_am,waabandan,waaband,0SgHead,2PlSubj,0SgObj,DubPrt,Neg,wayaabandanziiwegobanen,<ChCnj><<waaband>>anziiwegobanen,GUESS
VTI,Pcp/ChCnj,VTI_i,miijin,miiji,0SgHead,2PlSubj,0SgObj,DubPrt,Neg,maajisiiwegobanen,<ChCnj><<miiji>>siiwegobanen,GUESS
VTI,Pcp/ChCnj,VTI_oo,wanitoon,wanit,0SgHead,2PlSubj,0SgObj,DubPrt,Neg,wenitoosiiwegobanen,<ChCnj><<wanit>>oosiiwegobanen,GUESS
VTI,Pcp/ChCnj,VTI_aa,ayaan,ayaa,0SgHead,2PlSubj,0SgObj,DubPrt,Pos,MISSING,,
VTI,Pcp/ChCnj,VTI_am,waabandan,waaband,0SgHead,2PlSubj,0SgObj,DubPrt,Pos,wayaabandamowegobanen,<ChCnj><<waaband>>amowegobanen,GUESS
VTI,Pcp/ChCnj,VTI_i,miijin,miiji,0SgHead,2PlSubj,0SgObj,DubPrt,Pos,maajiwegobanen,<ChCnj><<miiji>>wegobanen,GUESS
VTI,Pcp/ChCnj,VTI_oo,wanitoon,wanit,0SgHead,2PlSubj,0SgObj,DubPrt,Pos,wenitoowegobanen,<ChCnj><<wanit>>oowegobanen,GUESS
VTI,Pcp/ChCnj,VTI_aa,ayaan,ayaa,0SgHead,2PlSubj,0SgObj,Neu,Neg,eyaanziweg,<ChCnj><<ayaa>>nziweg,GUESS
VTI,Pcp/ChCnj,VTI_am,waabandan,waaband,0SgHead,2PlSubj,0SgObj,Neu,Neg,wayaabandanziweg,<ChCnj><<waaband>>anziweg,GUESS
VTI,Pcp/ChCnj,VTI_i,miijin,miiji,0SgHead,2PlSubj,0SgObj,Neu,Neg,maajisiweg,<ChCnj><<miiji>>siweg,GUESS
VTI,Pcp/ChCnj,VTI_oo,wanitoon,wanit,0SgHead,2PlSubj,0SgObj,Neu,Neg,wenitoosiweg,<ChCnj><<wanit>>oosiweg,GUESS
VTI,Pcp/ChCnj,VTI_aa,ayaan,ayaa,0SgHead,2PlSubj,0SgObj,Neu,Pos,eyaameg,<ChCnj><<ayaa>>meg,GUESS
VTI,Pcp/ChCnj,VTI_am,waabandan,waaband,0SgHead,2PlSubj,0SgObj,Neu,Pos,wayaabandameg,<ChCnj><<waaband>>ameg,GUESS
VTI,Pcp/ChCnj,VTI_i,miijin,miiji,0SgHead,2PlSubj,0SgObj,Neu,Pos,maajiyeg,<ChCnj><<miiji>>yeg,GUESS
VTI,Pcp/ChCnj,VTI_oo,wanitoon,wanit,0SgHead,2PlSubj,0SgObj,Neu,Pos,wenitooyeg,<ChCnj><<wanit>>ooyeg,GUESS
VTI,Pcp/ChCnj,VTI_aa,ayaan,ayaa,0SgHead,2PlSubj,0SgObj,Prt,Neg,MISSING,,
VTI,Pcp/ChCnj,VTI_am,waabandan,waaband,0SgHead,2PlSubj,0SgObj,Prt,Neg,wayaabandanziwegoban,<ChCnj><<waaband>>anziwegoban,GUESS
VTI,Pcp/ChCnj,VTI_i,miijin,miiji,0SgHead,2PlSubj,0SgObj,Prt,Neg,maajisiwegoban,<ChCnj><<miiji>>siwegoban,GUESS
VTI,Pcp/ChCnj,VTI_oo,wanitoon,wanit,0SgHead,2PlSubj,0SgObj,Prt,Neg,wenitoosiwegoban,<ChCnj><<wanit>>oosiwegoban,GUESS
VTI,Pcp/ChCnj,VTI_aa,ayaan,ayaa,0SgHead,2PlSubj,0SgObj,Prt,Pos,MISSING,,
VTI,Pcp/ChCnj,VTI_am,waabandan,waaband,0SgHead,2PlSubj,0SgObj,Prt,Pos,wayaabandamegoban,<ChCnj><<waaband>>amegoban,GUESS
VTI,Pcp/ChCnj,VTI_i,miijin,miiji,0SgHead,2PlSubj,0SgObj,Prt,Pos,maajiyegoban,<ChCnj><<miiji>>yegoban,GUESS
VTI,Pcp/ChCnj,VTI_oo,wanitoon,wanit,0SgHead,2PlSubj,0SgObj,Prt,Pos,wenitooyegoban,<ChCnj><<wanit>>ooyegoban,GUESS
VTI,Pcp/ChCnj,VTI_aa,ayaan,ayaa,0SgHead,2SgSubj,0SgObj,Dub,Neg,eyaanziiwanen,<ChCnj><<ayaa>>nziiwanen,GUESS
VTI,Pcp/ChCnj,VTI_am,waabandan,waaband,0SgHead,2SgSubj,0SgObj,Dub,Neg,wayaabandanziiwanen,<ChCnj><<waaband>>anziiwanen,GUESS
VTI,Pcp/ChCnj,VTI_i,miijin,miiji,0SgHead,2SgSubj,0SgObj,Dub,Neg,maajisiiwanen,<ChCnj><<miiji>>siiwanen,GUESS
VTI,Pcp/ChCnj,VTI_oo,wanitoon,wanit,0SgHead,2SgSubj,0SgObj,Dub,Neg,wenitoosiiwanen,<ChCnj><<wanit>>oosiiwanen,GUESS
VTI,Pcp/ChCnj,VTI_aa,ayaan,ayaa,0SgHead,2SgSubj,0SgObj,Dub,Pos,MISSING,,
VTI,Pcp/ChCnj,VTI_am,waabandan,waaband,0SgHead,2SgSubj,0SgObj,Dub,Pos,wayaabandamowanen,<ChCnj><<waaband>>amowanen,GUESS
VTI,Pcp/ChCnj,VTI_i,miijin,miiji,0SgHead,2SgSubj,0SgObj,Dub,Pos,maajiwanen,<ChCnj><<miiji>>wanen,GUESS
VTI,Pcp/ChCnj,VTI_oo,wanitoon,wanit,0SgHead,2SgSubj,0SgObj,Dub,Pos,wenitoowanen,<ChCnj><<wanit>>oowanen,GUESS
VTI,Pcp/ChCnj,VTI_aa,ayaan,ayaa,0SgHead,2SgSubj,0SgObj,DubPrt,Neg,MISSING,,
VTI,Pcp/ChCnj,VTI_am,waabandan,waaband,0SgHead,2SgSubj,0SgObj,DubPrt,Neg,wayaabandanziiwambanen,<ChCnj><<waaband>>anziiwambanen,GUESS
VTI,Pcp/ChCnj,VTI_i,miijin,miiji,0SgHead,2SgSubj,0SgObj,DubPrt,Neg,maajisiiwambanen,<ChCnj><<miiji>>siiwambanen,GUESS
VTI,Pcp/ChCnj,VTI_oo,wanitoon,wanit,0SgHead,2SgSubj,0SgObj,DubPrt,Neg,wenitoosiiwambanen,<ChCnj><<wanit>>oosiiwambanen,GUESS
VTI,Pcp/ChCnj,VTI_aa,ayaan,ayaa,0SgHead,2SgSubj,0SgObj,DubPrt,Pos,MISSING,,
VTI,Pcp/ChCnj,VTI_am,waabandan,waaband,0SgHead,2SgSubj,0SgObj,DubPrt,Pos,wayaabandamowambanen,<ChCnj><<waaband>>amowambanen,GUESS
VTI,Pcp/ChCnj,VTI_i,miijin,miiji,0SgHead,2SgSubj,0SgObj,DubPrt,Pos,maajiwambanen,<ChCnj><<miiji>>wambanen,GUESS
VTI,Pcp/ChCnj,VTI_oo,wanitoon,wanit,0SgHead,2SgSubj,0SgObj,DubPrt,Pos,wenitoowambanen,<ChCnj><<wanit>>oowambanen,GUESS
VTI,Pcp/ChCnj,VTI_aa,ayaan,ayaa,0SgHead,2SgSubj,0SgObj,Neu,Neg,eyaanziwan,<ChCnj><<ayaa>>nziwan,GUESS
VTI,Pcp/ChCnj,VTI_am,waabandan,waaband,0SgHead,2SgSubj,0SgObj,Neu,Neg,wayaabandanziwan,<ChCnj><<waaband>>anziwan,GUESS
VTI,Pcp/ChCnj,VTI_i,miijin,miiji,0SgHead,2SgSubj,0SgObj,Neu,Neg,maajisiwan,<ChCnj><<miiji>>siwan,GUESS
VTI,Pcp/ChCnj,VTI_oo,wanitoon,wanit,0SgHead,2SgSubj,0SgObj,Neu,Neg,wenitoosiwan,<ChCnj><<wanit>>oosiwan,GUESS
VTI,Pcp/ChCnj,VTI_aa,ayaan,ayaa,0SgHead,2SgSubj,0SgObj,Neu,Pos,eyaaman,<ChCnj><<ayaa>>man,GUESS
VTI,Pcp/ChCnj,VTI_am,waabandan,waaband,0SgHead,2SgSubj,0SgObj,Neu,Pos,wayaabandaman,<ChCnj><<waaband>>aman,GUESS
VTI,Pcp/ChCnj,VTI_i,miijin,miiji,0SgHead,2SgSubj,0SgObj,Neu,Pos,maajiyan,<ChCnj><<miiji>>yan,GUESS
VTI,Pcp/ChCnj,VTI_oo,wanitoon,wanit,0SgHead,2SgSubj,0SgObj,Neu,Pos,wenitooyan,<ChCnj><<wanit>>ooyan,GUESS
VTI,Pcp/ChCnj,VTI_aa,ayaan,ayaa,0SgHead,2SgSubj,0SgObj,Prt,Neg,MISSING,,
VTI,Pcp/ChCnj,VTI_am,waabandan,waaband,0SgHead,2SgSubj,0SgObj,Prt,Neg,wayaabandanziwamban,<ChCnj><<waaband>>anziwamban,GUESS
VTI,Pcp/ChCnj,VTI_i,miijin,miiji,0SgHead,2SgSubj,0SgObj,Prt,Neg,maajisiwamban,<ChCnj><<miiji>>siwamban,GUESS
VTI,Pcp/ChCnj,VTI_oo,wanitoon,wanit,0SgHead,2SgSubj,0SgObj,Prt,Neg,wenitoosiwamban,<ChCnj><<wanit>>oosiwamban,GUESS
VTI,Pcp/ChCnj,VTI_aa,ayaan,ayaa,0SgHead,2SgSubj,0SgObj,Prt,Pos,MISSING,,
VTI,Pcp/ChCnj,VTI_am,waabandan,waaband,0SgHead,2SgSubj,0SgObj,Prt,Pos,wayaabandamamban,<ChCnj><<waaband>>amamban,GUESS
VTI,Pcp/ChCnj,VTI_i,miijin,miiji,0SgHead,2SgSubj,0SgObj,Prt,Pos,maajiyamban,<ChCnj><<miiji>>yamban,GUESS
VTI,Pcp/ChCnj,VTI_oo,wanitoon,wanit,0SgHead,2SgSubj,0SgObj,Prt,Pos,wenitooyamban,<ChCnj><<wanit>>ooyamban,GUESS
VTI,Pcp/ChCnj,VTI_aa,ayaan,ayaa,0SgHead,3PlObvSubj,0SgObj,Dub,Neg,eyaanziinigwen,<ChCnj><<ayaa>>nziinigwen,GUESS
VTI,Pcp/ChCnj,VTI_am,waabandan,waaband,0SgHead,3PlObvSubj,0SgObj,Dub,Neg,wayaabandanziinigwen,<ChCnj><<waaband>>anziinigwen,GUESS
VTI,Pcp/ChCnj,VTI_i,miijin,miiji,0SgHead,3PlObvSubj,0SgObj,Dub,Neg,maajisiinigwen,<ChCnj><<miiji>>siinigwen,GUESS
VTI,Pcp/ChCnj,VTI_oo,wanitoon,wanit,0SgHead,3PlObvSubj,0SgObj,Dub,Neg,wenitoosiinigwen,<ChCnj><<wanit>>oosiinigwen,GUESS
VTI,Pcp/ChCnj,VTI_aa,ayaan,ayaa,0SgHead,3PlObvSubj,0SgObj,Dub,Pos,MISSING,,
VTI,Pcp/ChCnj,VTI_am,waabandan,waaband,0SgHead,3PlObvSubj,0SgObj,Dub,Pos,wayaabandaminigwen,<ChCnj><<waaband>>aminigwen,GUESS
VTI,Pcp/ChCnj,VTI_i,miijin,miiji,0SgHead,3PlObvSubj,0SgObj,Dub,Pos,maajinigwen,<ChCnj><<miiji>>nigwen,GUESS
VTI,Pcp/ChCnj,VTI_oo,wanitoon,wanit,0SgHead,3PlObvSubj,0SgObj,Dub,Pos,wenitoonigwen,<ChCnj><<wanit>>oonigwen,GUESS
VTI,Pcp/ChCnj,VTI_aa,ayaan,ayaa,0SgHead,3PlObvSubj,0SgObj,DubPrt,Neg,MISSING,,
VTI,Pcp/ChCnj,VTI_am,waabandan,waaband,0SgHead,3PlObvSubj,0SgObj,DubPrt,Neg,wayaabandanziinigobanen,<ChCnj><<waaband>>anziinigobanen,GUESS
VTI,Pcp/ChCnj,VTI_i,miijin,miiji,0SgHead,3PlObvSubj,0SgObj,DubPrt,Neg,maajisiinigobanen,<ChCnj><<miiji>>siinigobanen,GUESS
VTI,Pcp/ChCnj,VTI_oo,wanitoon,wanit,0SgHead,3PlObvSubj,0SgObj,DubPrt,Neg,wenitoosiinigobanen,<ChCnj><<wanit>>oosiinigobanen,GUESS
VTI,Pcp/ChCnj,VTI_aa,ayaan,ayaa,0SgHead,3PlObvSubj,0SgObj,DubPrt,Pos,MISSING,,
VTI,Pcp/ChCnj,VTI_am,waabandan,waaband,0SgHead,3PlObvSubj,0SgObj,DubPrt,Pos,wayaabandaminigobanen,<ChCnj><<waaband>>aminigobanen,GUESS
VTI,Pcp/ChCnj,VTI_i,miijin,miiji,0SgHead,3PlObvSubj,0SgObj,DubPrt,Pos,maajinigobanen,<ChCnj><<miiji>>nigobanen,GUESS
VTI,Pcp/ChCnj,VTI_oo,wanitoon,wanit,0SgHead,3PlObvSubj,0SgObj,DubPrt,Pos,wenitoonigobanen,<ChCnj><<wanit>>oonigobanen,GUESS
VTI,Pcp/ChCnj,VTI_aa,ayaan,ayaa,0SgHead,3PlObvSubj,0SgObj,Neu,Neg,eyaanzinig,<ChCnj><<ayaa>>nzinig,GUESS
VTI,Pcp/ChCnj,VTI_am,waabandan,waaband,0SgHead,3PlObvSubj,0SgObj,Neu,Neg,wayaabandanzinig,<ChCnj><<waaband>>anzinig,GUESS
VTI,Pcp/ChCnj,VTI_i,miijin,miiji,0SgHead,3PlObvSubj,0SgObj,Neu,Neg,maajisinig,<ChCnj><<miiji>>sinig,GUESS
VTI,Pcp/ChCnj,VTI_oo,wanitoon,wanit,0SgHead,3PlObvSubj,0SgObj,Neu,Neg,wenitoosinig,<ChCnj><<wanit>>oosinig,GUESS
VTI,Pcp/ChCnj,VTI_aa,ayaan,ayaa,0SgHead,3PlObvSubj,0SgObj,Neu,Pos,eyaaminid,<ChCnj><<ayaa>>minid,GUESS
VTI,Pcp/ChCnj,VTI_am,waabandan,waaband,0SgHead,3PlObvSubj,0SgObj,Neu,Pos,wayaabandaminid,<ChCnj><<waaband>>aminid,GUESS
VTI,Pcp/ChCnj,VTI_i,miijin,miiji,0SgHead,3PlObvSubj,0SgObj,Neu,Pos,maajinid,<ChCnj><<miiji>>nid,GUESS
VTI,Pcp/ChCnj,VTI_oo,wanitoon,wanit,0SgHead,3PlObvSubj,0SgObj,Neu,Pos,wenitoonid,<ChCnj><<wanit>>oonid,GUESS
VTI,Pcp/ChCnj,VTI_aa,ayaan,ayaa,0SgHead,3PlObvSubj,0SgObj,Prt,Neg,MISSING,,
VTI,Pcp/ChCnj,VTI_am,waabandan,waaband,0SgHead,3PlObvSubj,0SgObj,Prt,Neg,wayaabandanzinigoban,<ChCnj><<waaband>>anzinigoban,GUESS
VTI,Pcp/ChCnj,VTI_i,miijin,miiji,0SgHead,3PlObvSubj,0SgObj,Prt,Neg,maajisinigoban,<ChCnj><<miiji>>sinigoban,GUESS
VTI,Pcp/ChCnj,VTI_oo,wanitoon,wanit,0SgHead,3PlObvSubj,0SgObj,Prt,Neg,wenitoosinigoban,<ChCnj><<wanit>>oosinigoban,GUESS
VTI,Pcp/ChCnj,VTI_aa,ayaan,ayaa,0SgHead,3PlObvSubj,0SgObj,Prt,Pos,MISSING,,
VTI,Pcp/ChCnj,VTI_am,waabandan,waaband,0SgHead,3PlObvSubj,0SgObj,Prt,Pos,wayaabandaminipan,<ChCnj><<waaband>>aminipan,GUESS
VTI,Pcp/ChCnj,VTI_i,miijin,miiji,0SgHead,3PlObvSubj,0SgObj,Prt,Pos,maajinipan,<ChCnj><<miiji>>nipan,GUESS
VTI,Pcp/ChCnj,VTI_oo,wanitoon,wanit,0SgHead,3PlObvSubj,0SgObj,Prt,Pos,wenitoonipan,<ChCnj><<wanit>>oonipan,GUESS
VTI,Pcp/ChCnj,VTI_aa,ayaan,ayaa,3PlObvHead,3PlObvSubj,0SgObj,Dub,Neg,eyaanziinigweniin,<ChCnj><<ayaa>>nziinigweniin,GUESS
VTI,Pcp/ChCnj,VTI_am,waabandan,waaband,3PlObvHead,3PlObvSubj,0SgObj,Dub,Neg,wayaabandanziinigweniin,<ChCnj><<waaband>>anziinigweniin,GUESS
VTI,Pcp/ChCnj,VTI_i,miijin,miiji,3PlObvHead,3PlObvSubj,0SgObj,Dub,Neg,maajisiinigweniin,<ChCnj><<miiji>>siinigweniin,GUESS
VTI,Pcp/ChCnj,VTI_oo,wanitoon,wanit,3PlObvHead,3PlObvSubj,0SgObj,Dub,Neg,wenitoosiinigweniin,<ChCnj><<wanit>>oosiinigweniin,GUESS
VTI,Pcp/ChCnj,VTI_aa,ayaan,ayaa,3PlObvHead,3PlObvSubj,0SgObj,Dub,Pos,MISSING,,
VTI,Pcp/ChCnj,VTI_am,waabandan,waaband,3PlObvHead,3PlObvSubj,0SgObj,Dub,Pos,wayaabandaminigweniin,<ChCnj><<waaband>>aminigweniin,GUESS
VTI,Pcp/ChCnj,VTI_i,miijin,miiji,3PlObvHead,3PlObvSubj,0SgObj,Dub,Pos,maajinigweniin,<ChCnj><<miiji>>nigweniin,GUESS
VTI,Pcp/ChCnj,VTI_oo,wanitoon,wanit,3PlObvHead,3PlObvSubj,0SgObj,Dub,Pos,wenitoonigweniin,<ChCnj><<wanit>>oonigweniin,GUESS
VTI,Pcp/ChCnj,VTI_aa,ayaan,ayaa,3PlObvHead,3PlObvSubj,0SgObj,DubPrt,Neg,MISSING,,
VTI,Pcp/ChCnj,VTI_am,waabandan,waaband,3PlObvHead,3PlObvSubj,0SgObj,DubPrt,Neg,wayaabandanziinigobaneniin,<ChCnj><<waaband>>anziinigobaneniin,GUESS
VTI,Pcp/ChCnj,VTI_i,miijin,miiji,3PlObvHead,3PlObvSubj,0SgObj,DubPrt,Neg,maajisiinigobaneniin,<ChCnj><<miiji>>siinigobaneniin,GUESS
VTI,Pcp/ChCnj,VTI_oo,wanitoon,wanit,3PlObvHead,3PlObvSubj,0SgObj,DubPrt,Neg,wenitoosiinigobaneniin,<ChCnj><<wanit>>oosiinigobaneniin,GUESS
VTI,Pcp/ChCnj,VTI_aa,ayaan,ayaa,3PlObvHead,3PlObvSubj,0SgObj,DubPrt,Pos,MISSING,,
VTI,Pcp/ChCnj,VTI_am,waabandan,waaband,3PlObvHead,3PlObvSubj,0SgObj,DubPrt,Pos,wayaabandaminigobaneniin,<ChCnj><<waaband>>aminigobaneniin,GUESS
VTI,Pcp/ChCnj,VTI_i,miijin,miiji,3PlObvHead,3PlObvSubj,0SgObj,DubPrt,Pos,maajinigobaneniin,<ChCnj><<miiji>>nigobaneniin,GUESS
VTI,Pcp/ChCnj,VTI_oo,wanitoon,wanit,3PlObvHead,3PlObvSubj,0SgObj,DubPrt,Pos,wenitoonigobaneniin,<ChCnj><<wanit>>oonigobaneniin,GUESS
VTI,Pcp/ChCnj,VTI_aa,ayaan,ayaa,3PlObvHead,3PlObvSubj,0SgObj,Neu,Neg,eyaanzinigon,<ChCnj><<ayaa>>nzinigon,GUESS
VTI,Pcp/ChCnj,VTI_am,waabandan,waaband,3PlObvHead,3PlObvSubj,0SgObj,Neu,Neg,wayaabandanzinigon,<ChCnj><<waaband>>anzinigon,GUESS
VTI,Pcp/ChCnj,VTI_i,miijin,miiji,3PlObvHead,3PlObvSubj,0SgObj,Neu,Neg,maajisinigon,<ChCnj><<miiji>>sinigon,GUESS
VTI,Pcp/ChCnj,VTI_oo,wanitoon,wanit,3PlObvHead,3PlObvSubj,0SgObj,Neu,Neg,wenitoosinigon,<ChCnj><<wanit>>oosinigon,GUESS
VTI,Pcp/ChCnj,VTI_aa,ayaan,ayaa,3PlObvHead,3PlObvSubj,0SgObj,Neu,Pos,eyaaminijin,<ChCnj><<ayaa>>minijin,GUESS
VTI,Pcp/ChCnj,VTI_am,waabandan,waaband,3PlObvHead,3PlObvSubj,0SgObj,Neu,Pos,wayaabandaminijin,<ChCnj><<waaband>>aminijin,GUESS
VTI,Pcp/ChCnj,VTI_i,miijin,miiji,3PlObvHead,3PlObvSubj,0SgObj,Neu,Pos,maajinijin,<ChCnj><<miiji>>nijin,GUESS
VTI,Pcp/ChCnj,VTI_oo,wanitoon,wanit,3PlObvHead,3PlObvSubj,0SgObj,Neu,Pos,wenitoonijin,<ChCnj><<wanit>>oonijin,GUESS
VTI,Pcp/ChCnj,VTI_aa,ayaan,ayaa,3PlObvHead,3PlObvSubj,0SgObj,Prt,Neg,MISSING,,
VTI,Pcp/ChCnj,VTI_am,waabandan,waaband,3PlObvHead,3PlObvSubj,0SgObj,Prt,Neg,wayaabandanzinigobaniin,<ChCnj><<waaband>>anzinigobaniin,GUESS
VTI,Pcp/ChCnj,VTI_i,miijin,miiji,3PlObvHead,3PlObvSubj,0SgObj,Prt,Neg,maajisinigobaniin,<ChCnj><<miiji>>sinigobaniin,GUESS
VTI,Pcp/ChCnj,VTI_oo,wanitoon,wanit,3PlObvHead,3PlObvSubj,0SgObj,Prt,Neg,wenitoosinigobaniin,<ChCnj><<wanit>>oosinigobaniin,GUESS
VTI,Pcp/ChCnj,VTI_aa,ayaan,ayaa,3PlObvHead,3PlObvSubj,0SgObj,Prt,Pos,MISSING,,
VTI,Pcp/ChCnj,VTI_am,waabandan,waaband,3PlObvHead,3PlObvSubj,0SgObj,Prt,Pos,wayaabandaminipaniin,<ChCnj><<waaband>>aminipaniin,GUESS
VTI,Pcp/ChCnj,VTI_i,miijin,miiji,3PlObvHead,3PlObvSubj,0SgObj,Prt,Pos,maajinipaniin,<ChCnj><<miiji>>nipaniin,GUESS
VTI,Pcp/ChCnj,VTI_oo,wanitoon,wanit,3PlObvHead,3PlObvSubj,0SgObj,Prt,Pos,wenitoonipaniin,<ChCnj><<wanit>>oonipaniin,GUESS
VTI,Pcp/ChCnj,VTI_aa,ayaan,ayaa,0SgHead,3PlProxSubj,0SgObj,Dub,Neg,eyaanziiwaagwen,<ChCnj><<ayaa>>nziiwaagwen,GUESS
VTI,Pcp/ChCnj,VTI_am,waabandan,waaband,0SgHead,3PlProxSubj,0SgObj,Dub,Neg,wayaabandanziiwaagwen,<ChCnj><<waaband>>anziiwaagwen,GUESS
VTI,Pcp/ChCnj,VTI_i,miijin,miiji,0SgHead,3PlProxSubj,0SgObj,Dub,Neg,maajisiiwaagwen,<ChCnj><<miiji>>siiwaagwen,GUESS
VTI,Pcp/ChCnj,VTI_oo,wanitoon,wanit,0SgHead,3PlProxSubj,0SgObj,Dub,Neg,wenitoosiiwaagwen,<ChCnj><<wanit>>oosiiwaagwen,GUESS
VTI,Pcp/ChCnj,VTI_aa,ayaan,ayaa,0SgHead,3PlProxSubj,0SgObj,Dub,Pos,MISSING,,
VTI,Pcp/ChCnj,VTI_am,waabandan,waaband,0SgHead,3PlProxSubj,0SgObj,Dub,Pos,wayaabandamowaagwen,<ChCnj><<waaband>>amowaagwen,GUESS
VTI,Pcp/ChCnj,VTI_i,miijin,miiji,0SgHead,3PlProxSubj,0SgObj,Dub,Pos,maajiwaagwen,<ChCnj><<miiji>>waagwen,GUESS
VTI,Pcp/ChCnj,VTI_oo,wanitoon,wanit,0SgHead,3PlProxSubj,0SgObj,Dub,Pos,wenitoowaagwen,<ChCnj><<wanit>>oowaagwen,GUESS
VTI,Pcp/ChCnj,VTI_aa,ayaan,ayaa,0SgHead,3PlProxSubj,0SgObj,DubPrt,Neg,MISSING,,
VTI,Pcp/ChCnj,VTI_am,waabandan,waaband,0SgHead,3PlProxSubj,0SgObj,DubPrt,Neg,wayaabandanziiwaagobanen,<ChCnj><<waaband>>anziiwaagobanen,GUESS
VTI,Pcp/ChCnj,VTI_i,miijin,miiji,0SgHead,3PlProxSubj,0SgObj,DubPrt,Neg,maajisiiwaagobanen,<ChCnj><<miiji>>siiwaagobanen,GUESS
VTI,Pcp/ChCnj,VTI_oo,wanitoon,wanit,0SgHead,3PlProxSubj,0SgObj,DubPrt,Neg,wenitoosiiwaagobanen,<ChCnj><<wanit>>oosiiwaagobanen,GUESS
VTI,Pcp/ChCnj,VTI_aa,ayaan,ayaa,0SgHead,3PlProxSubj,0SgObj,DubPrt,Pos,MISSING,,
VTI,Pcp/ChCnj,VTI_am,waabandan,waaband,0SgHead,3PlProxSubj,0SgObj,DubPrt,Pos,wayaabandamowaagobanen,<ChCnj><<waaband>>amowaagobanen,GUESS
VTI,Pcp/ChCnj,VTI_i,miijin,miiji,0SgHead,3PlProxSubj,0SgObj,DubPrt,Pos,maajiwaagobanen,<ChCnj><<miiji>>waagobanen,GUESS
VTI,Pcp/ChCnj,VTI_oo,wanitoon,wanit,0SgHead,3PlProxSubj,0SgObj,DubPrt,Pos,wenitoowaagobanen,<ChCnj><<wanit>>oowaagobanen,GUESS
VTI,Pcp/ChCnj,VTI_aa,ayaan,ayaa,0SgHead,3PlProxSubj,0SgObj,Neu,Neg,eyaanzigwaa,<ChCnj><<ayaa>>nzigwaa,GUESS
VTI,Pcp/ChCnj,VTI_am,waabandan,waaband,0SgHead,3PlProxSubj,0SgObj,Neu,Neg,wayaabandanzigwaa,<ChCnj><<waaband>>anzigwaa,GUESS
VTI,Pcp/ChCnj,VTI_i,miijin,miiji,0SgHead,3PlProxSubj,0SgObj,Neu,Neg,maajisigwaa,<ChCnj><<miiji>>sigwaa,GUESS
VTI,Pcp/ChCnj,VTI_oo,wanitoon,wanit,0SgHead,3PlProxSubj,0SgObj,Neu,Neg,wenitoosigwaa,<ChCnj><<wanit>>oosigwaa,GUESS
VTI,Pcp/ChCnj,VTI_aa,ayaan,ayaa,0SgHead,3PlProxSubj,0SgObj,Neu,Pos,eyaamowaad,<ChCnj><<ayaa>>mowaad,GUESS
VTI,Pcp/ChCnj,VTI_am,waabandan,waaband,0SgHead,3PlProxSubj,0SgObj,Neu,Pos,wayaabandamowaad,<ChCnj><<waaband>>amowaad,GUESS
VTI,Pcp/ChCnj,VTI_i,miijin,miiji,0SgHead,3PlProxSubj,0SgObj,Neu,Pos,maajiwaad,<ChCnj><<miiji>>waad,GUESS
VTI,Pcp/ChCnj,VTI_oo,wanitoon,wanit,0SgHead,3PlProxSubj,0SgObj,Neu,Pos,wenitoowaad,<ChCnj><<wanit>>oowaad,GUESS
VTI,Pcp/ChCnj,VTI_aa,ayaan,ayaa,0SgHead,3PlProxSubj,0SgObj,Prt,Neg,MISSING,,
VTI,Pcp/ChCnj,VTI_am,waabandan,waaband,0SgHead,3PlProxSubj,0SgObj,Prt,Neg,wayaabandanzigwaaban,<ChCnj><<waaband>>anzigwaaban,GUESS
VTI,Pcp/ChCnj,VTI_i,miijin,miiji,0SgHead,3PlProxSubj,0SgObj,Prt,Neg,maajisigwaaban,<ChCnj><<miiji>>sigwaaban,GUESS
VTI,Pcp/ChCnj,VTI_oo,wanitoon,wanit,0SgHead,3PlProxSubj,0SgObj,Prt,Neg,wenitoosigwaaban,<ChCnj><<wanit>>oosigwaaban,GUESS
VTI,Pcp/ChCnj,VTI_aa,ayaan,ayaa,0SgHead,3PlProxSubj,0SgObj,Prt,Pos,MISSING,,
VTI,Pcp/ChCnj,VTI_am,waabandan,waaband,0SgHead,3PlProxSubj,0SgObj,Prt,Pos,wayaabandamowaapan,<ChCnj><<waaband>>amowaapan,GUESS
VTI,Pcp/ChCnj,VTI_i,miijin,miiji,0SgHead,3PlProxSubj,0SgObj,Prt,Pos,maajiwaapan,<ChCnj><<miiji>>waapan,GUESS
VTI,Pcp/ChCnj,VTI_oo,wanitoon,wanit,0SgHead,3PlProxSubj,0SgObj,Prt,Pos,wenitoowaapan,<ChCnj><<wanit>>oowaapan,GUESS
VTI,Pcp/ChCnj,VTI_aa,ayaan,ayaa,3PlProxHead,3PlProxSubj,0SgObj,Dub,Neg,eyaanziigweniig,<ChCnj><<ayaa>>nziigweniig,GUESS
VTI,Pcp/ChCnj,VTI_am,waabandan,waaband,3PlProxHead,3PlProxSubj,0SgObj,Dub,Neg,wayaabandanziigweniig,<ChCnj><<waaband>>anziigweniig,GUESS
VTI,Pcp/ChCnj,VTI_i,miijin,miiji,3PlProxHead,3PlProxSubj,0SgObj,Dub,Neg,maajisiigweniig,<ChCnj><<miiji>>siigweniig,GUESS
VTI,Pcp/ChCnj,VTI_oo,wanitoon,wanit,3PlProxHead,3PlProxSubj,0SgObj,Dub,Neg,wenitoosiigweniig,<ChCnj><<wanit>>oosiigweniig,GUESS
VTI,Pcp/ChCnj,VTI_aa,ayaan,ayaa,3PlProxHead,3PlProxSubj,0SgObj,Dub,Pos,MISSING,,
VTI,Pcp/ChCnj,VTI_am,waabandan,waaband,3PlProxHead,3PlProxSubj,0SgObj,Dub,Pos,wayaabandamogweniig,<ChCnj><<waaband>>amogweniig,GUESS
VTI,Pcp/ChCnj,VTI_i,miijin,miiji,3PlProxHead,3PlProxSubj,0SgObj,Dub,Pos,maajigweniig,<ChCnj><<miiji>>gweniig,GUESS
VTI,Pcp/ChCnj,VTI_oo,wanitoon,wanit,3PlProxHead,3PlProxSubj,0SgObj,Dub,Pos,wenitoogweniig,<ChCnj><<wanit>>oogweniig,GUESS
VTI,Pcp/ChCnj,VTI_aa,ayaan,ayaa,3PlProxHead,3PlProxSubj,0SgObj,DubPrt,Neg,MISSING,,
VTI,Pcp/ChCnj,VTI_am,waabandan,waaband,3PlProxHead,3PlProxSubj,0SgObj,DubPrt,Neg,wayaabandanziigobaneniig,<ChCnj><<waaband>>anziigobaneniig,GUESS
VTI,Pcp/ChCnj,VTI_i,miijin,miiji,3PlProxHead,3PlProxSubj,0SgObj,DubPrt,Neg,maajisiigobaneniig,<ChCnj><<miiji>>siigobaneniig,GUESS
VTI,Pcp/ChCnj,VTI_oo,wanitoon,wanit,3PlProxHead,3PlProxSubj,0SgObj,DubPrt,Neg,wenitoosiigobaneniig,<ChCnj><<wanit>>oosiigobaneniig,GUESS
VTI,Pcp/ChCnj,VTI_aa,ayaan,ayaa,3PlProxHead,3PlProxSubj,0SgObj,DubPrt,Pos,MISSING,,
VTI,Pcp/ChCnj,VTI_am,waabandan,waaband,3PlProxHead,3PlProxSubj,0SgObj,DubPrt,Pos,wayaabandamogobaneniig,<ChCnj><<waaband>>amogobaneniig,GUESS
VTI,Pcp/ChCnj,VTI_i,miijin,miiji,3PlProxHead,3PlProxSubj,0SgObj,DubPrt,Pos,maajigobaneniig,<ChCnj><<miiji>>gobaneniig,GUESS
VTI,Pcp/ChCnj,VTI_oo,wanitoon,wanit,3PlProxHead,3PlProxSubj,0SgObj,DubPrt,Pos,wenitoogobaneniig,<ChCnj><<wanit>>oogobaneniig,GUESS
VTI,Pcp/ChCnj,VTI_aa,ayaan,ayaa,3PlProxHead,3PlProxSubj,0SgObj,Neu,Neg,eyaanzigog,<ChCnj><<ayaa>>nzigog,GUESS
VTI,Pcp/ChCnj,VTI_am,waabandan,waaband,3PlProxHead,3PlProxSubj,0SgObj,Neu,Neg,wayaabandanzigog,<ChCnj><<waaband>>anzigog,GUESS
VTI,Pcp/ChCnj,VTI_i,miijin,miiji,3PlProxHead,3PlProxSubj,0SgObj,Neu,Neg,maajisigog,<ChCnj><<miiji>>sigog,GUESS
VTI,Pcp/ChCnj,VTI_oo,wanitoon,wanit,3PlProxHead,3PlProxSubj,0SgObj,Neu,Neg,wenitoosigog,<ChCnj><<wanit>>oosigog,GUESS
VTI,Pcp/ChCnj,VTI_aa,ayaan,ayaa,3PlProxHead,3PlProxSubj,0SgObj,Neu,Pos,eyaangig,<ChCnj><<ayaa>>ngig,GUESS
VTI,Pcp/ChCnj,VTI_am,waabandan,waaband,3PlProxHead,3PlProxSubj,0SgObj,Neu,Pos,wayaabandangig,<ChCnj><<waaband>>angig,GUESS
VTI,Pcp/ChCnj,VTI_i,miijin,miiji,3PlProxHead,3PlProxSubj,0SgObj,Neu,Pos,maajijig,<ChCnj><<miiji>>jig,GUESS
VTI,Pcp/ChCnj,VTI_oo,wanitoon,wanit,3PlProxHead,3PlProxSubj,0SgObj,Neu,Pos,wenitoojig,<ChCnj><<wanit>>oojig,GUESS
VTI,Pcp/ChCnj,VTI_aa,ayaan,ayaa,3PlProxHead,3PlProxSubj,0SgObj,Prt,Neg,MISSING,,
VTI,Pcp/ChCnj,VTI_am,waabandan,waaband,3PlProxHead,3PlProxSubj,0SgObj,Prt,Neg,wayaabandanzigobaniig,<ChCnj><<waaband>>anzigobaniig,GUESS
VTI,Pcp/ChCnj,VTI_i,miijin,miiji,3PlProxHead,3PlProxSubj,0SgObj,Prt,Neg,maajisigobaniig,<ChCnj><<miiji>>sigobaniig,GUESS
VTI,Pcp/ChCnj,VTI_oo,wanitoon,wanit,3PlProxHead,3PlProxSubj,0SgObj,Prt,Neg,wenitoosigobaniig,<ChCnj><<wanit>>oosigobaniig,GUESS
VTI,Pcp/ChCnj,VTI_aa,ayaan,ayaa,3PlProxHead,3PlProxSubj,0SgObj,Prt,Pos,MISSING,,
VTI,Pcp/ChCnj,VTI_am,waabandan,waaband,3PlProxHead,3PlProxSubj,0SgObj,Prt,Pos,wayaabandangibaniig,<ChCnj><<waaband>>angibaniig,GUESS
VTI,Pcp/ChCnj,VTI_i,miijin,miiji,3PlProxHead,3PlProxSubj,0SgObj,Prt,Pos,maajipaniig,<ChCnj><<miiji>>paniig,GUESS
VTI,Pcp/ChCnj,VTI_oo,wanitoon,wanit,3PlProxHead,3PlProxSubj,0SgObj,Prt,Pos,wenitoopaniig,<ChCnj><<wanit>>oopaniig,GUESS
VTI,Pcp/ChCnj,VTI_aa,ayaan,ayaa,0SgHead,3SgObvSubj,0SgObj,Dub,Neg,eyaanziinigwen,<ChCnj><<ayaa>>nziinigwen,GUESS
VTI,Pcp/ChCnj,VTI_am,waabandan,waaband,0SgHead,3SgObvSubj,0SgObj,Dub,Neg,wayaabandanziinigwen,<ChCnj><<waaband>>anziinigwen,GUESS
VTI,Pcp/ChCnj,VTI_i,miijin,miiji,0SgHead,3SgObvSubj,0SgObj,Dub,Neg,maajisiinigwen,<ChCnj><<miiji>>siinigwen,GUESS
VTI,Pcp/ChCnj,VTI_oo,wanitoon,wanit,0SgHead,3SgObvSubj,0SgObj,Dub,Neg,wenitoosiinigwen,<ChCnj><<wanit>>oosiinigwen,GUESS
VTI,Pcp/ChCnj,VTI_aa,ayaan,ayaa,0SgHead,3SgObvSubj,0SgObj,Dub,Pos,MISSING,,
VTI,Pcp/ChCnj,VTI_am,waabandan,waaband,0SgHead,3SgObvSubj,0SgObj,Dub,Pos,wayaabandaminigwen,<ChCnj><<waaband>>aminigwen,GUESS
VTI,Pcp/ChCnj,VTI_i,miijin,miiji,0SgHead,3SgObvSubj,0SgObj,Dub,Pos,maajinigwen,<ChCnj><<miiji>>nigwen,GUESS
VTI,Pcp/ChCnj,VTI_oo,wanitoon,wanit,0SgHead,3SgObvSubj,0SgObj,Dub,Pos,wenitoonigwen,<ChCnj><<wanit>>oonigwen,GUESS
VTI,Pcp/ChCnj,VTI_aa,ayaan,ayaa,0SgHead,3SgObvSubj,0SgObj,DubPrt,Neg,MISSING,,
VTI,Pcp/ChCnj,VTI_am,waabandan,waaband,0SgHead,3SgObvSubj,0SgObj,DubPrt,Neg,wayaabandanziinigobanen,<ChCnj><<waaband>>anziinigobanen,GUESS
VTI,Pcp/ChCnj,VTI_i,miijin,miiji,0SgHead,3SgObvSubj,0SgObj,DubPrt,Neg,maajisiinigobanen,<ChCnj><<miiji>>siinigobanen,GUESS
VTI,Pcp/ChCnj,VTI_oo,wanitoon,wanit,0SgHead,3SgObvSubj,0SgObj,DubPrt,Neg,wenitoosiinigobanen,<ChCnj><<wanit>>oosiinigobanen,GUESS
VTI,Pcp/ChCnj,VTI_aa,ayaan,ayaa,0SgHead,3SgObvSubj,0SgObj,DubPrt,Pos,MISSING,,
VTI,Pcp/ChCnj,VTI_am,waabandan,waaband,0SgHead,3SgObvSubj,0SgObj,DubPrt,Pos,wayaabandaminigobanen,<ChCnj><<waaband>>aminigobanen,GUESS
VTI,Pcp/ChCnj,VTI_i,miijin,miiji,0SgHead,3SgObvSubj,0SgObj,DubPrt,Pos,maajinigobanen,<ChCnj><<miiji>>nigobanen,GUESS
VTI,Pcp/ChCnj,VTI_oo,wanitoon,wanit,0SgHead,3SgObvSubj,0SgObj,DubPrt,Pos,wenitoonigobanen,<ChCnj><<wanit>>oonigobanen,GUESS
VTI,Pcp/ChCnj,VTI_aa,ayaan,ayaa,0SgHead,3SgObvSubj,0SgObj,Neu,Neg,eyaanzinig,<ChCnj><<ayaa>>nzinig,GUESS
VTI,Pcp/ChCnj,VTI_am,waabandan,waaband,0SgHead,3SgObvSubj,0SgObj,Neu,Neg,wayaabandanzinig,<ChCnj><<waaband>>anzinig,GUESS
VTI,Pcp/ChCnj,VTI_i,miijin,miiji,0SgHead,3SgObvSubj,0SgObj,Neu,Neg,maajisinig,<ChCnj><<miiji>>sinig,GUESS
VTI,Pcp/ChCnj,VTI_oo,wanitoon,wanit,0SgHead,3SgObvSubj,0SgObj,Neu,Neg,wenitoosinig,<ChCnj><<wanit>>oosinig,GUESS
VTI,Pcp/ChCnj,VTI_aa,ayaan,ayaa,0SgHead,3SgObvSubj,0SgObj,Neu,Pos,eyaaminid,<ChCnj><<ayaa>>minid,GUESS
VTI,Pcp/ChCnj,VTI_am,waabandan,waaband,0SgHead,3SgObvSubj,0SgObj,Neu,Pos,wayaabandaminid,<ChCnj><<waaband>>aminid,GUESS
VTI,Pcp/ChCnj,VTI_i,miijin,miiji,0SgHead,3SgObvSubj,0SgObj,Neu,Pos,maajinid,<ChCnj><<miiji>>nid,GUESS
VTI,Pcp/ChCnj,VTI_oo,wanitoon,wanit,0SgHead,3SgObvSubj,0SgObj,Neu,Pos,wenitoonid,<ChCnj><<wanit>>oonid,GUESS
VTI,Pcp/ChCnj,VTI_aa,ayaan,ayaa,0SgHead,3SgObvSubj,0SgObj,Prt,Neg,MISSING,,
VTI,Pcp/ChCnj,VTI_am,waabandan,waaband,0SgHead,3SgObvSubj,0SgObj,Prt,Neg,wayaabandanzinigoban,<ChCnj><<waaband>>anzinigoban,GUESS
VTI,Pcp/ChCnj,VTI_i,miijin,miiji,0SgHead,3SgObvSubj,0SgObj,Prt,Neg,maajisinigoban,<ChCnj><<miiji>>sinigoban,GUESS
VTI,Pcp/ChCnj,VTI_oo,wanitoon,wanit,0SgHead,3SgObvSubj,0SgObj,Prt,Neg,wenitoosinigoban,<ChCnj><<wanit>>oosinigoban,GUESS
VTI,Pcp/ChCnj,VTI_aa,ayaan,ayaa,0SgHead,3SgObvSubj,0SgObj,Prt,Pos,MISSING,,
VTI,Pcp/ChCnj,VTI_am,waabandan,waaband,0SgHead,3SgObvSubj,0SgObj,Prt,Pos,wayaabandaminipan,<ChCnj><<waaband>>aminipan,GUESS
VTI,Pcp/ChCnj,VTI_i,miijin,miiji,0SgHead,3SgObvSubj,0SgObj,Prt,Pos,maajinipan,<ChCnj><<miiji>>nipan,GUESS
VTI,Pcp/ChCnj,VTI_oo,wanitoon,wanit,0SgHead,3SgObvSubj,0SgObj,Prt,Pos,wenitoonipan,<ChCnj><<wanit>>oonipan,GUESS
VTI,Pcp/ChCnj,VTI_aa,ayaan,ayaa,3SgObvHead,3SgObvSubj,0SgObj,Dub,Neg,eyaanziinigweniin,<ChCnj><<ayaa>>nziinigweniin,GUESS
VTI,Pcp/ChCnj,VTI_am,waabandan,waaband,3SgObvHead,3SgObvSubj,0SgObj,Dub,Neg,wayaabandanziinigweniin,<ChCnj><<waaband>>anziinigweniin,GUESS
VTI,Pcp/ChCnj,VTI_i,miijin,miiji,3SgObvHead,3SgObvSubj,0SgObj,Dub,Neg,maajisiinigweniin,<ChCnj><<miiji>>siinigweniin,GUESS
VTI,Pcp/ChCnj,VTI_oo,wanitoon,wanit,3SgObvHead,3SgObvSubj,0SgObj,Dub,Neg,wenitoosiinigweniin,<ChCnj><<wanit>>oosiinigweniin,GUESS
VTI,Pcp/ChCnj,VTI_aa,ayaan,ayaa,3SgObvHead,3SgObvSubj,0SgObj,Dub,Pos,MISSING,,
VTI,Pcp/ChCnj,VTI_am,waabandan,waaband,3SgObvHead,3SgObvSubj,0SgObj,Dub,Pos,wayaabandaminigweniin,<ChCnj><<waaband>>aminigweniin,GUESS
VTI,Pcp/ChCnj,VTI_i,miijin,miiji,3SgObvHead,3SgObvSubj,0SgObj,Dub,Pos,maajinigweniin,<ChCnj><<miiji>>nigweniin,GUESS
VTI,Pcp/ChCnj,VTI_oo,wanitoon,wanit,3SgObvHead,3SgObvSubj,0SgObj,Dub,Pos,wenitoonigweniin,<ChCnj><<wanit>>oonigweniin,GUESS
VTI,Pcp/ChCnj,VTI_aa,ayaan,ayaa,3SgObvHead,3SgObvSubj,0SgObj,DubPrt,Neg,MISSING,,
VTI,Pcp/ChCnj,VTI_am,waabandan,waaband,3SgObvHead,3SgObvSubj,0SgObj,DubPrt,Neg,wayaabandanziinigobaneniin,<ChCnj><<waaband>>anziinigobaneniin,GUESS
VTI,Pcp/ChCnj,VTI_i,miijin,miiji,3SgObvHead,3SgObvSubj,0SgObj,DubPrt,Neg,maajisiinigobaneniin,<ChCnj><<miiji>>siinigobaneniin,GUESS
VTI,Pcp/ChCnj,VTI_oo,wanitoon,wanit,3SgObvHead,3SgObvSubj,0SgObj,DubPrt,Neg,wenitoosiinigobaneniin,<ChCnj><<wanit>>oosiinigobaneniin,GUESS
VTI,Pcp/ChCnj,VTI_aa,ayaan,ayaa,3SgObvHead,3SgObvSubj,0SgObj,DubPrt,Pos,MISSING,,
VTI,Pcp/ChCnj,VTI_am,waabandan,waaband,3SgObvHead,3SgObvSubj,0SgObj,DubPrt,Pos,wayaabandaminigobaneniin,<ChCnj><<waaband>>aminigobaneniin,GUESS
VTI,Pcp/ChCnj,VTI_i,miijin,miiji,3SgObvHead,3SgObvSubj,0SgObj,DubPrt,Pos,maajinigobaneniin,<ChCnj><<miiji>>nigobaneniin,GUESS
VTI,Pcp/ChCnj,VTI_oo,wanitoon,wanit,3SgObvHead,3SgObvSubj,0SgObj,DubPrt,Pos,wenitoonigobaneniin,<ChCnj><<wanit>>oonigobaneniin,GUESS
VTI,Pcp/ChCnj,VTI_aa,ayaan,ayaa,3SgObvHead,3SgObvSubj,0SgObj,Neu,Neg,eyaanzinigon,<ChCnj><<ayaa>>nzinigon,GUESS
VTI,Pcp/ChCnj,VTI_am,waabandan,waaband,3SgObvHead,3SgObvSubj,0SgObj,Neu,Neg,wayaabandanzinigon,<ChCnj><<waaband>>anzinigon,GUESS
VTI,Pcp/ChCnj,VTI_i,miijin,miiji,3SgObvHead,3SgObvSubj,0SgObj,Neu,Neg,maajisinigon,<ChCnj><<miiji>>sinigon,GUESS
VTI,Pcp/ChCnj,VTI_oo,wanitoon,wanit,3SgObvHead,3SgObvSubj,0SgObj,Neu,Neg,wenitoosinigon,<ChCnj><<wanit>>oosinigon,GUESS
VTI,Pcp/ChCnj,VTI_aa,ayaan,ayaa,3SgObvHead,3SgObvSubj,0SgObj,Neu,Pos,eyaaminijin,<ChCnj><<ayaa>>minijin,GUESS
VTI,Pcp/ChCnj,VTI_am,waabandan,waaband,3SgObvHead,3SgObvSubj,0SgObj,Neu,Pos,wayaabandaminijin,<ChCnj><<waaband>>aminijin,GUESS
VTI,Pcp/ChCnj,VTI_i,miijin,miiji,3SgObvHead,3SgObvSubj,0SgObj,Neu,Pos,maajinijin,<ChCnj><<miiji>>nijin,GUESS
VTI,Pcp/ChCnj,VTI_oo,wanitoon,wanit,3SgObvHead,3SgObvSubj,0SgObj,Neu,Pos,wenitoonijin,<ChCnj><<wanit>>oonijin,GUESS
VTI,Pcp/ChCnj,VTI_aa,ayaan,ayaa,3SgObvHead,3SgObvSubj,0SgObj,Prt,Neg,MISSING,,
VTI,Pcp/ChCnj,VTI_am,waabandan,waaband,3SgObvHead,3SgObvSubj,0SgObj,Prt,Neg,wayaabandanzinigobaniin,<ChCnj><<waaband>>anzinigobaniin,GUESS
VTI,Pcp/ChCnj,VTI_i,miijin,miiji,3SgObvHead,3SgObvSubj,0SgObj,Prt,Neg,maajisinigobaniin,<ChCnj><<miiji>>sinigobaniin,GUESS
VTI,Pcp/ChCnj,VTI_oo,wanitoon,wanit,3SgObvHead,3SgObvSubj,0SgObj,Prt,Neg,wenitoosinigobaniin,<ChCnj><<wanit>>oosinigobaniin,GUESS
VTI,Pcp/ChCnj,VTI_aa,ayaan,ayaa,3SgObvHead,3SgObvSubj,0SgObj,Prt,Pos,MISSING,,
VTI,Pcp/ChCnj,VTI_am,waabandan,waaband,3SgObvHead,3SgObvSubj,0SgObj,Prt,Pos,wayaabandaminipaniin,<ChCnj><<waaband>>aminipaniin,GUESS
VTI,Pcp/ChCnj,VTI_i,miijin,miiji,3SgObvHead,3SgObvSubj,0SgObj,Prt,Pos,maajinipaniin,<ChCnj><<miiji>>nipaniin,GUESS
VTI,Pcp/ChCnj,VTI_oo,wanitoon,wanit,3SgObvHead,3SgObvSubj,0SgObj,Prt,Pos,wenitoonipaniin,<ChCnj><<wanit>>oonipaniin,GUESS
VTI,Pcp/ChCnj,VTI_aa,ayaan,ayaa,0SgHead,3SgProxSubj,0SgObj,Dub,Neg,eyaanziigwen,<ChCnj><<ayaa>>nziigwen,GUESS
VTI,Pcp/ChCnj,VTI_am,waabandan,waaband,0SgHead,3SgProxSubj,0SgObj,Dub,Neg,wayaabandanziigwen,<ChCnj><<waaband>>anziigwen,GUESS
VTI,Pcp/ChCnj,VTI_i,miijin,miiji,0SgHead,3SgProxSubj,0SgObj,Dub,Neg,maajisiigwen,<ChCnj><<miiji>>siigwen,GUESS
VTI,Pcp/ChCnj,VTI_oo,wanitoon,wanit,0SgHead,3SgProxSubj,0SgObj,Dub,Neg,wenitoosiigwen,<ChCnj><<wanit>>oosiigwen,GUESS
VTI,Pcp/ChCnj,VTI_aa,ayaan,ayaa,0SgHead,3SgProxSubj,0SgObj,Dub,Pos,MISSING,,
VTI,Pcp/ChCnj,VTI_am,waabandan,waaband,0SgHead,3SgProxSubj,0SgObj,Dub,Pos,wayaabandamogwen,<ChCnj><<waaband>>amogwen,GUESS
VTI,Pcp/ChCnj,VTI_i,miijin,miiji,0SgHead,3SgProxSubj,0SgObj,Dub,Pos,maajigwen,<ChCnj><<miiji>>gwen,GUESS
VTI,Pcp/ChCnj,VTI_oo,wanitoon,wanit,0SgHead,3SgProxSubj,0SgObj,Dub,Pos,wenitoogwen,<ChCnj><<wanit>>oogwen,GUESS
VTI,Pcp/ChCnj,VTI_aa,ayaan,ayaa,0SgHead,3SgProxSubj,0SgObj,DubPrt,Neg,MISSING,,
VTI,Pcp/ChCnj,VTI_am,waabandan,waaband,0SgHead,3SgProxSubj,0SgObj,DubPrt,Neg,wayaabandanziigobanen,<ChCnj><<waaband>>anziigobanen,GUESS
VTI,Pcp/ChCnj,VTI_i,miijin,miiji,0SgHead,3SgProxSubj,0SgObj,DubPrt,Neg,maajisiigobanen,<ChCnj><<miiji>>siigobanen,GUESS
VTI,Pcp/ChCnj,VTI_oo,wanitoon,wanit,0SgHead,3SgProxSubj,0SgObj,DubPrt,Neg,wenitoosiigobanen,<ChCnj><<wanit>>oosiigobanen,GUESS
VTI,Pcp/ChCnj,VTI_aa,ayaan,ayaa,0SgHead,3SgProxSubj,0SgObj,DubPrt,Pos,MISSING,,
VTI,Pcp/ChCnj,VTI_am,waabandan,waaband,0SgHead,3SgProxSubj,0SgObj,DubPrt,Pos,wayaabandamogobanen,<ChCnj><<waaband>>amogobanen,GUESS
VTI,Pcp/ChCnj,VTI_i,miijin,miiji,0SgHead,3SgProxSubj,0SgObj,DubPrt,Pos,maajigobanen,<ChCnj><<miiji>>gobanen,GUESS
VTI,Pcp/ChCnj,VTI_oo,wanitoon,wanit,0SgHead,3SgProxSubj,0SgObj,DubPrt,Pos,wenitoogobanen,<ChCnj><<wanit>>oogobanen,GUESS
VTI,Pcp/ChCnj,VTI_aa,ayaan,ayaa,0SgHead,3SgProxSubj,0SgObj,Neu,Neg,eyaanzig,<ChCnj><<ayaa>>nzig,GUESS
VTI,Pcp/ChCnj,VTI_am,waabandan,waaband,0SgHead,3SgProxSubj,0SgObj,Neu,Neg,wayaabandanzig,<ChCnj><<waaband>>anzig,GUESS
VTI,Pcp/ChCnj,VTI_i,miijin,miiji,0SgHead,3SgProxSubj,0SgObj,Neu,Neg,maajisig,<ChCnj><<miiji>>sig,GUESS
VTI,Pcp/ChCnj,VTI_oo,wanitoon,wanit,0SgHead,3SgProxSubj,0SgObj,Neu,Neg,wenitoosig,<ChCnj><<wanit>>oosig,GUESS
VTI,Pcp/ChCnj,VTI_aa,ayaan,ayaa,0SgHead,3SgProxSubj,0SgObj,Neu,Pos,eyaang,<ChCnj><<ayaa>>ng,GUESS
VTI,Pcp/ChCnj,VTI_am,waabandan,waaband,0SgHead,3SgProxSubj,0SgObj,Neu,Pos,wayaabandang,<ChCnj><<waaband>>ang,GUESS
VTI,Pcp/ChCnj,VTI_i,miijin,miiji,0SgHead,3SgProxSubj,0SgObj,Neu,Pos,maajid,<ChCnj><<miiji>>d,GUESS
VTI,Pcp/ChCnj,VTI_oo,wanitoon,wanit,0SgHead,3SgProxSubj,0SgObj,Neu,Pos,wenitood,<ChCnj><<wanit>>ood,GUESS
VTI,Pcp/ChCnj,VTI_aa,ayaan,ayaa,0SgHead,3SgProxSubj,0SgObj,Prt,Neg,MISSING,,
VTI,Pcp/ChCnj,VTI_am,waabandan,waaband,0SgHead,3SgProxSubj,0SgObj,Prt,Neg,wayaabandanzigoban,<ChCnj><<waaband>>anzigoban,GUESS
VTI,Pcp/ChCnj,VTI_i,miijin,miiji,0SgHead,3SgProxSubj,0SgObj,Prt,Neg,maajisigoban,<ChCnj><<miiji>>sigoban,GUESS
VTI,Pcp/ChCnj,VTI_oo,wanitoon,wanit,0SgHead,3SgProxSubj,0SgObj,Prt,Neg,wenitoosigoban,<ChCnj><<wanit>>oosigoban,GUESS
VTI,Pcp/ChCnj,VTI_aa,ayaan,ayaa,0SgHead,3SgProxSubj,0SgObj,Prt,Pos,MISSING,,
VTI,Pcp/ChCnj,VTI_am,waabandan,waaband,0SgHead,3SgProxSubj,0SgObj,Prt,Pos,wayaabandangiban,<ChCnj><<waaband>>angiban,GUESS
VTI,Pcp/ChCnj,VTI_i,miijin,miiji,0SgHead,3SgProxSubj,0SgObj,Prt,Pos,maajipan,<ChCnj><<miiji>>pan,GUESS
VTI,Pcp/ChCnj,VTI_oo,wanitoon,wanit,0SgHead,3SgProxSubj,0SgObj,Prt,Pos,wenitoopan,<ChCnj><<wanit>>oopan,GUESS
VTI,Pcp/ChCnj,VTI_aa,ayaan,ayaa,3SgProxHead,3SgProxSubj,0SgObj,Dub,Neg,eyaanziigwen,<ChCnj><<ayaa>>nziigwen,GUESS
VTI,Pcp/ChCnj,VTI_am,waabandan,waaband,3SgProxHead,3SgProxSubj,0SgObj,Dub,Neg,wayaabandanziigwen,<ChCnj><<waaband>>anziigwen,GUESS
VTI,Pcp/ChCnj,VTI_i,miijin,miiji,3SgProxHead,3SgProxSubj,0SgObj,Dub,Neg,maajisiigwen,<ChCnj><<miiji>>siigwen,GUESS
VTI,Pcp/ChCnj,VTI_oo,wanitoon,wanit,3SgProxHead,3SgProxSubj,0SgObj,Dub,Neg,wenitoosiigwen,<ChCnj><<wanit>>oosiigwen,GUESS
VTI,Pcp/ChCnj,VTI_aa,ayaan,ayaa,3SgProxHead,3SgProxSubj,0SgObj,Dub,Pos,MISSING,,
VTI,Pcp/ChCnj,VTI_am,waabandan,waaband,3SgProxHead,3SgProxSubj,0SgObj,Dub,Pos,wayaabandamogwen,<ChCnj><<waaband>>amogwen,GUESS
VTI,Pcp/ChCnj,VTI_i,miijin,miiji,3SgProxHead,3SgProxSubj,0SgObj,Dub,Pos,maajigwen,<ChCnj><<miiji>>gwen,GUESS
VTI,Pcp/ChCnj,VTI_oo,wanitoon,wanit,3SgProxHead,3SgProxSubj,0SgObj,Dub,Pos,wenitoogwen,<ChCnj><<wanit>>oogwen,GUESS
VTI,Pcp/ChCnj,VTI_aa,ayaan,ayaa,3SgProxHead,3SgProxSubj,0SgObj,DubPrt,Neg,MISSING,,
VTI,Pcp/ChCnj,VTI_am,waabandan,waaband,3SgProxHead,3SgProxSubj,0SgObj,DubPrt,Neg,wayaabandanziigobanen,<ChCnj><<waaband>>anziigobanen,GUESS
VTI,Pcp/ChCnj,VTI_i,miijin,miiji,3SgProxHead,3SgProxSubj,0SgObj,DubPrt,Neg,maajisiigobanen,<ChCnj><<miiji>>siigobanen,GUESS
VTI,Pcp/ChCnj,VTI_oo,wanitoon,wanit,3SgProxHead,3SgProxSubj,0SgObj,DubPrt,Neg,wenitoosiigobanen,<ChCnj><<wanit>>oosiigobanen,GUESS
VTI,Pcp/ChCnj,VTI_aa,ayaan,ayaa,3SgProxHead,3SgProxSubj,0SgObj,DubPrt,Pos,MISSING,,
VTI,Pcp/ChCnj,VTI_am,waabandan,waaband,3SgProxHead,3SgProxSubj,0SgObj,DubPrt,Pos,wayaabandamogobanen,<ChCnj><<waaband>>amogobanen,GUESS
VTI,Pcp/ChCnj,VTI_i,miijin,miiji,3SgProxHead,3SgProxSubj,0SgObj,DubPrt,Pos,maajigobanen,<ChCnj><<miiji>>gobanen,GUESS
VTI,Pcp/ChCnj,VTI_oo,wanitoon,wanit,3SgProxHead,3SgProxSubj,0SgObj,DubPrt,Pos,wenitoogobanen,<ChCnj><<wanit>>oogobanen,GUESS
VTI,Pcp/ChCnj,VTI_aa,ayaan,ayaa,3SgProxHead,3SgProxSubj,0SgObj,Neu,Neg,eyaanzig,<ChCnj><<ayaa>>nzig,GUESS
VTI,Pcp/ChCnj,VTI_am,waabandan,waaband,3SgProxHead,3SgProxSubj,0SgObj,Neu,Neg,wayaabandanzig,<ChCnj><<waaband>>anzig,GUESS
VTI,Pcp/ChCnj,VTI_i,miijin,miiji,3SgProxHead,3SgProxSubj,0SgObj,Neu,Neg,maajisig,<ChCnj><<miiji>>sig,GUESS
VTI,Pcp/ChCnj,VTI_oo,wanitoon,wanit,3SgProxHead,3SgProxSubj,0SgObj,Neu,Neg,wenitoosig,<ChCnj><<wanit>>oosig,GUESS
VTI,Pcp/ChCnj,VTI_aa,ayaan,ayaa,3SgProxHead,3SgProxSubj,0SgObj,Neu,Pos,eyaang,<ChCnj><<ayaa>>ng,GUESS
VTI,Pcp/ChCnj,VTI_am,waabandan,waaband,3SgProxHead,3SgProxSubj,0SgObj,Neu,Pos,wayaabandang,<ChCnj><<waaband>>ang,GUESS
VTI,Pcp/ChCnj,VTI_i,miijin,miiji,3SgProxHead,3SgProxSubj,0SgObj,Neu,Pos,maajid,<ChCnj><<miiji>>d,GUESS
VTI,Pcp/ChCnj,VTI_oo,wanitoon,wanit,3SgProxHead,3SgProxSubj,0SgObj,Neu,Pos,wenitood,<ChCnj><<wanit>>ood,GUESS
VTI,Pcp/ChCnj,VTI_aa,ayaan,ayaa,3SgProxHead,3SgProxSubj,0SgObj,Prt,Neg,MISSING,,
VTI,Pcp/ChCnj,VTI_am,waabandan,waaband,3SgProxHead,3SgProxSubj,0SgObj,Prt,Neg,wayaabandanzigoban,<ChCnj><<waaband>>anzigoban,GUESS
VTI,Pcp/ChCnj,VTI_i,miijin,miiji,3SgProxHead,3SgProxSubj,0SgObj,Prt,Neg,maajisigoban,<ChCnj><<miiji>>sigoban,GUESS
VTI,Pcp/ChCnj,VTI_oo,wanitoon,wanit,3SgProxHead,3SgProxSubj,0SgObj,Prt,Neg,wenitoosigoban,<ChCnj><<wanit>>oosigoban,GUESS
VTI,Pcp/ChCnj,VTI_aa,ayaan,ayaa,3SgProxHead,3SgProxSubj,0SgObj,Prt,Pos,MISSING,,
VTI,Pcp/ChCnj,VTI_am,waabandan,waaband,3SgProxHead,3SgProxSubj,0SgObj,Prt,Pos,wayaabandangiban,<ChCnj><<waaband>>angiban,GUESS
VTI,Pcp/ChCnj,VTI_i,miijin,miiji,3SgProxHead,3SgProxSubj,0SgObj,Prt,Pos,maajipan,<ChCnj><<miiji>>pan,GUESS
VTI,Pcp/ChCnj,VTI_oo,wanitoon,wanit,3SgProxHead,3SgProxSubj,0SgObj,Prt,Pos,wenitoopan,<ChCnj><<wanit>>oopan,GUESS
VTI,Pcp/ChCnj,VTI_aa,ayaan,ayaa,0SgHead,ExclSubj,0SgObj,Dub,Neg,eyaanziiwaangen,<ChCnj><<ayaa>>nziiwaangen,GUESS
VTI,Pcp/ChCnj,VTI_am,waabandan,waaband,0SgHead,ExclSubj,0SgObj,Dub,Neg,wayaabandanziiwaangen,<ChCnj><<waaband>>anziiwaangen,GUESS
VTI,Pcp/ChCnj,VTI_i,miijin,miiji,0SgHead,ExclSubj,0SgObj,Dub,Neg,maajisiiwaangen,<ChCnj><<miiji>>siiwaangen,GUESS
VTI,Pcp/ChCnj,VTI_oo,wanitoon,wanit,0SgHead,ExclSubj,0SgObj,Dub,Neg,wenitoosiiwaangen,<ChCnj><<wanit>>oosiiwaangen,GUESS
VTI,Pcp/ChCnj,VTI_aa,ayaan,ayaa,0SgHead,ExclSubj,0SgObj,Dub,Pos,MISSING,,
VTI,Pcp/ChCnj,VTI_am,waabandan,waaband,0SgHead,ExclSubj,0SgObj,Dub,Pos,wayaabandamowaangen,<ChCnj><<waaband>>amowaangen,GUESS
VTI,Pcp/ChCnj,VTI_i,miijin,miiji,0SgHead,ExclSubj,0SgObj,Dub,Pos,maajiwaangen,<ChCnj><<miiji>>waangen,GUESS
VTI,Pcp/ChCnj,VTI_oo,wanitoon,wanit,0SgHead,ExclSubj,0SgObj,Dub,Pos,wenitoowaangen,<ChCnj><<wanit>>oowaangen,GUESS
VTI,Pcp/ChCnj,VTI_aa,ayaan,ayaa,0SgHead,ExclSubj,0SgObj,DubPrt,Neg,MISSING,,
VTI,Pcp/ChCnj,VTI_am,waabandan,waaband,0SgHead,ExclSubj,0SgObj,DubPrt,Neg,wayaabandanziiwaangibanen,<ChCnj><<waaband>>anziiwaangibanen,GUESS
VTI,Pcp/ChCnj,VTI_i,miijin,miiji,0SgHead,ExclSubj,0SgObj,DubPrt,Neg,maajisiiwaangibanen,<ChCnj><<miiji>>siiwaangibanen,GUESS
VTI,Pcp/ChCnj,VTI_oo,wanitoon,wanit,0SgHead,ExclSubj,0SgObj,DubPrt,Neg,wenitoosiiwaangibanen,<ChCnj><<wanit>>oosiiwaangibanen,GUESS
VTI,Pcp/ChCnj,VTI_aa,ayaan,ayaa,0SgHead,ExclSubj,0SgObj,DubPrt,Pos,MISSING,,
VTI,Pcp/ChCnj,VTI_am,waabandan,waaband,0SgHead,ExclSubj,0SgObj,DubPrt,Pos,wayaabandamowaangibanen,<ChCnj><<waaband>>amowaangibanen,GUESS
VTI,Pcp/ChCnj,VTI_i,miijin,miiji,0SgHead,ExclSubj,0SgObj,DubPrt,Pos,maajiwaangibanen,<ChCnj><<miiji>>waangibanen,GUESS
VTI,Pcp/ChCnj,VTI_oo,wanitoon,wanit,0SgHead,ExclSubj,0SgObj,DubPrt,Pos,wenitoowaangibanen,<ChCnj><<wanit>>oowaangibanen,GUESS
VTI,Pcp/ChCnj,VTI_aa,ayaan,ayaa,0SgHead,ExclSubj,0SgObj,Neu,Neg,eyaanziwaang,<ChCnj><<ayaa>>nziwaang,GUESS
VTI,Pcp/ChCnj,VTI_am,waabandan,waaband,0SgHead,ExclSubj,0SgObj,Neu,Neg,wayaabandanziwaang,<ChCnj><<waaband>>anziwaang,GUESS
VTI,Pcp/ChCnj,VTI_i,miijin,miiji,0SgHead,ExclSubj,0SgObj,Neu,Neg,maajisiwaang,<ChCnj><<miiji>>siwaang,GUESS
VTI,Pcp/ChCnj,VTI_oo,wanitoon,wanit,0SgHead,ExclSubj,0SgObj,Neu,Neg,wenitoosiwaang,<ChCnj><<wanit>>oosiwaang,GUESS
VTI,Pcp/ChCnj,VTI_aa,ayaan,ayaa,0SgHead,ExclSubj,0SgObj,Neu,Pos,eyaamaang,<ChCnj><<ayaa>>maang,GUESS
VTI,Pcp/ChCnj,VTI_am,waabandan,waaband,0SgHead,ExclSubj,0SgObj,Neu,Pos,wayaabandamaang,<ChCnj><<waaband>>amaang,GUESS
VTI,Pcp/ChCnj,VTI_i,miijin,miiji,0SgHead,ExclSubj,0SgObj,Neu,Pos,maajiyaang,<ChCnj><<miiji>>yaang,GUESS
VTI,Pcp/ChCnj,VTI_oo,wanitoon,wanit,0SgHead,ExclSubj,0SgObj,Neu,Pos,wenitooyaang,<ChCnj><<wanit>>ooyaang,GUESS
VTI,Pcp/ChCnj,VTI_aa,ayaan,ayaa,0SgHead,ExclSubj,0SgObj,Prt,Neg,MISSING,,
VTI,Pcp/ChCnj,VTI_am,waabandan,waaband,0SgHead,ExclSubj,0SgObj,Prt,Neg,wayaabandanziwaangiban,<ChCnj><<waaband>>anziwaangiban,GUESS
VTI,Pcp/ChCnj,VTI_i,miijin,miiji,0SgHead,ExclSubj,0SgObj,Prt,Neg,maajisiwaangiban,<ChCnj><<miiji>>siwaangiban,GUESS
VTI,Pcp/ChCnj,VTI_oo,wanitoon,wanit,0SgHead,ExclSubj,0SgObj,Prt,Neg,wenitoosiwaangiban,<ChCnj><<wanit>>oosiwaangiban,GUESS
VTI,Pcp/ChCnj,VTI_aa,ayaan,ayaa,0SgHead,ExclSubj,0SgObj,Prt,Pos,MISSING,,
VTI,Pcp/ChCnj,VTI_am,waabandan,waaband,0SgHead,ExclSubj,0SgObj,Prt,Pos,wayaabandamaangiban,<ChCnj><<waaband>>amaangiban,GUESS
VTI,Pcp/ChCnj,VTI_i,miijin,miiji,0SgHead,ExclSubj,0SgObj,Prt,Pos,maajiyaangiban,<ChCnj><<miiji>>yaangiban,GUESS
VTI,Pcp/ChCnj,VTI_oo,wanitoon,wanit,0SgHead,ExclSubj,0SgObj,Prt,Pos,wenitooyaangiban,<ChCnj><<wanit>>ooyaangiban,GUESS
VTI,Pcp/ChCnj,VTI_aa,ayaan,ayaa,0SgHead,InclSubj,0SgObj,Dub,Neg,eyaanziiwangen,<ChCnj><<ayaa>>nziiwangen,GUESS
VTI,Pcp/ChCnj,VTI_am,waabandan,waaband,0SgHead,InclSubj,0SgObj,Dub,Neg,wayaabandanziiwangen,<ChCnj><<waaband>>anziiwangen,GUESS
VTI,Pcp/ChCnj,VTI_i,miijin,miiji,0SgHead,InclSubj,0SgObj,Dub,Neg,maajisiiwangen,<ChCnj><<miiji>>siiwangen,GUESS
VTI,Pcp/ChCnj,VTI_oo,wanitoon,wanit,0SgHead,InclSubj,0SgObj,Dub,Neg,wenitoosiiwangen,<ChCnj><<wanit>>oosiiwangen,GUESS
VTI,Pcp/ChCnj,VTI_aa,ayaan,ayaa,0SgHead,InclSubj,0SgObj,Dub,Pos,MISSING,,
VTI,Pcp/ChCnj,VTI_am,waabandan,waaband,0SgHead,InclSubj,0SgObj,Dub,Pos,wayaabandamowangen,<ChCnj><<waaband>>amowangen,GUESS
VTI,Pcp/ChCnj,VTI_i,miijin,miiji,0SgHead,InclSubj,0SgObj,Dub,Pos,maajiwangen,<ChCnj><<miiji>>wangen,GUESS
VTI,Pcp/ChCnj,VTI_oo,wanitoon,wanit,0SgHead,InclSubj,0SgObj,Dub,Pos,wenitoowangen,<ChCnj><<wanit>>oowangen,GUESS
VTI,Pcp/ChCnj,VTI_aa,ayaan,ayaa,0SgHead,InclSubj,0SgObj,DubPrt,Neg,MISSING,,
VTI,Pcp/ChCnj,VTI_am,waabandan,waaband,0SgHead,InclSubj,0SgObj,DubPrt,Neg,wayaabandanziiwangibanen,<ChCnj><<waaband>>anziiwangibanen,GUESS
VTI,Pcp/ChCnj,VTI_i,miijin,miiji,0SgHead,InclSubj,0SgObj,DubPrt,Neg,maajisiiwangibanen,<ChCnj><<miiji>>siiwangibanen,GUESS
VTI,Pcp/ChCnj,VTI_oo,wanitoon,wanit,0SgHead,InclSubj,0SgObj,DubPrt,Neg,wenitoosiiwangibanen,<ChCnj><<wanit>>oosiiwangibanen,GUESS
VTI,Pcp/ChCnj,VTI_aa,ayaan,ayaa,0SgHead,InclSubj,0SgObj,DubPrt,Pos,MISSING,,
VTI,Pcp/ChCnj,VTI_am,waabandan,waaband,0SgHead,InclSubj,0SgObj,DubPrt,Pos,wayaabandamowangibanen,<ChCnj><<waaband>>amowangibanen,GUESS
VTI,Pcp/ChCnj,VTI_i,miijin,miiji,0SgHead,InclSubj,0SgObj,DubPrt,Pos,maajiwangibanen,<ChCnj><<miiji>>wangibanen,GUESS
VTI,Pcp/ChCnj,VTI_oo,wanitoon,wanit,0SgHead,InclSubj,0SgObj,DubPrt,Pos,wenitoowangibanen,<ChCnj><<wanit>>oowangibanen,GUESS
VTI,Pcp/ChCnj,VTI_aa,ayaan,ayaa,0SgHead,InclSubj,0SgObj,Neu,Neg,eyaanziwang,<ChCnj><<ayaa>>nziwang,GUESS
VTI,Pcp/ChCnj,VTI_am,waabandan,waaband,0SgHead,InclSubj,0SgObj,Neu,Neg,wayaabandanziwang,<ChCnj><<waaband>>anziwang,GUESS
VTI,Pcp/ChCnj,VTI_i,miijin,miiji,0SgHead,InclSubj,0SgObj,Neu,Neg,maajisiwang,<ChCnj><<miiji>>siwang,GUESS
VTI,Pcp/ChCnj,VTI_oo,wanitoon,wanit,0SgHead,InclSubj,0SgObj,Neu,Neg,wenitoosiwang,<ChCnj><<wanit>>oosiwang,GUESS
VTI,Pcp/ChCnj,VTI_aa,ayaan,ayaa,0SgHead,InclSubj,0SgObj,Neu,Pos,eyaamang,<ChCnj><<ayaa>>mang,GUESS
VTI,Pcp/ChCnj,VTI_am,waabandan,waaband,0SgHead,InclSubj,0SgObj,Neu,Pos,wayaabandamang,<ChCnj><<waaband>>amang,GUESS
VTI,Pcp/ChCnj,VTI_i,miijin,miiji,0SgHead,InclSubj,0SgObj,Neu,Pos,maajiyang,<ChCnj><<miiji>>yang,GUESS
VTI,Pcp/ChCnj,VTI_oo,wanitoon,wanit,0SgHead,InclSubj,0SgObj,Neu,Pos,wenitooyang,<ChCnj><<wanit>>ooyang,GUESS
VTI,Pcp/ChCnj,VTI_aa,ayaan,ayaa,0SgHead,InclSubj,0SgObj,Prt,Neg,MISSING,,
VTI,Pcp/ChCnj,VTI_am,waabandan,waaband,0SgHead,InclSubj,0SgObj,Prt,Neg,wayaabandanziwangiban,<ChCnj><<waaband>>anziwangiban,GUESS
VTI,Pcp/ChCnj,VTI_i,miijin,miiji,0SgHead,InclSubj,0SgObj,Prt,Neg,maajisiwangiban,<ChCnj><<miiji>>siwangiban,GUESS
VTI,Pcp/ChCnj,VTI_oo,wanitoon,wanit,0SgHead,InclSubj,0SgObj,Prt,Neg,wenitoosiwangiban,<ChCnj><<wanit>>oosiwangiban,GUESS
VTI,Pcp/ChCnj,VTI_aa,ayaan,ayaa,0SgHead,InclSubj,0SgObj,Prt,Pos,MISSING,,
VTI,Pcp/ChCnj,VTI_am,waabandan,waaband,0SgHead,InclSubj,0SgObj,Prt,Pos,wayaabandamangiban,<ChCnj><<waaband>>amangiban,GUESS
VTI,Pcp/ChCnj,VTI_i,miijin,miiji,0SgHead,InclSubj,0SgObj,Prt,Pos,maajiyangiban,<ChCnj><<miiji>>yangiban,GUESS
VTI,Pcp/ChCnj,VTI_oo,wanitoon,wanit,0SgHead,InclSubj,0SgObj,Prt,Pos,wenitooyangiban,<ChCnj><<wanit>>ooyangiban,GUESS
VTI,Pcp/ChCnj,VTI_aa,ayaan,ayaa,0SgHead,XSubj,0SgObj,Dub,Neg,eyaanziiwiingen,<ChCnj><<ayaa>>nziiwiingen,GUESS
VTI,Pcp/ChCnj,VTI_am,waabandan,waaband,0SgHead,XSubj,0SgObj,Dub,Neg,wayaabandanziiwiingen,<ChCnj><<waaband>>anziiwiingen,GUESS
VTI,Pcp/ChCnj,VTI_i,miijin,miiji,0SgHead,XSubj,0SgObj,Dub,Neg,maajisiiwiingen,<ChCnj><<miiji>>siiwiingen,GUESS
VTI,Pcp/ChCnj,VTI_oo,wanitoon,wanit,0SgHead,XSubj,0SgObj,Dub,Neg,wenitoosiiwiingen,<ChCnj><<wanit>>oosiiwiingen,GUESS
VTI,Pcp/ChCnj,VTI_aa,ayaan,ayaa,0SgHead,XSubj,0SgObj,Dub,Pos,MISSING,,
VTI,Pcp/ChCnj,VTI_am,waabandan,waaband,0SgHead,XSubj,0SgObj,Dub,Pos,wayaabandamowiingen,<ChCnj><<waaband>>amowiingen,GUESS
VTI,Pcp/ChCnj,VTI_i,miijin,miiji,0SgHead,XSubj,0SgObj,Dub,Pos,maajiwiingen,<ChCnj><<miiji>>wiingen,GUESS
VTI,Pcp/ChCnj,VTI_oo,wanitoon,wanit,0SgHead,XSubj,0SgObj,Dub,Pos,wenitoowiingen,<ChCnj><<wanit>>oowiingen,GUESS
VTI,Pcp/ChCnj,VTI_aa,ayaan,ayaa,0SgHead,XSubj,0SgObj,DubPrt,Neg,MISSING,,
VTI,Pcp/ChCnj,VTI_am,waabandan,waaband,0SgHead,XSubj,0SgObj,DubPrt,Neg,wayaabandanziiwiingibanen,<ChCnj><<waaband>>anziiwiingibanen,GUESS
VTI,Pcp/ChCnj,VTI_i,miijin,miiji,0SgHead,XSubj,0SgObj,DubPrt,Neg,maajisiiwiingibanen,<ChCnj><<miiji>>siiwiingibanen,GUESS
VTI,Pcp/ChCnj,VTI_oo,wanitoon,wanit,0SgHead,XSubj,0SgObj,DubPrt,Neg,wenitoosiiwiingibanen,<ChCnj><<wanit>>oosiiwiingibanen,GUESS
VTI,Pcp/ChCnj,VTI_aa,ayaan,ayaa,0SgHead,XSubj,0SgObj,DubPrt,Pos,MISSING,,
VTI,Pcp/ChCnj,VTI_am,waabandan,waaband,0SgHead,XSubj,0SgObj,DubPrt,Pos,wayaabandamowiingibanen,<ChCnj><<waaband>>amowiingibanen,GUESS
VTI,Pcp/ChCnj,VTI_i,miijin,miiji,0SgHead,XSubj,0SgObj,DubPrt,Pos,maajiwiingibanen,<ChCnj><<miiji>>wiingibanen,GUESS
VTI,Pcp/ChCnj,VTI_oo,wanitoon,wanit,0SgHead,XSubj,0SgObj,DubPrt,Pos,wenitoowiingibanen,<ChCnj><<wanit>>oowiingibanen,GUESS
VTI,Pcp/ChCnj,VTI_aa,ayaan,ayaa,0SgHead,XSubj,0SgObj,Neu,Neg,eyaanzing,<ChCnj><<ayaa>>nzing,GUESS
VTI,Pcp/ChCnj,VTI_am,waabandan,waaband,0SgHead,XSubj,0SgObj,Neu,Neg,wayaabandanzing,<ChCnj><<waaband>>anzing,GUESS
VTI,Pcp/ChCnj,VTI_i,miijin,miiji,0SgHead,XSubj,0SgObj,Neu,Neg,maajising,<ChCnj><<miiji>>sing,GUESS
VTI,Pcp/ChCnj,VTI_oo,wanitoon,wanit,0SgHead,XSubj,0SgObj,Neu,Neg,wenitoosing,<ChCnj><<wanit>>oosing,GUESS
VTI,Pcp/ChCnj,VTI_aa,ayaan,ayaa,0SgHead,XSubj,0SgObj,Neu,Pos,eyaaming,<ChCnj><<ayaa>>ming,GUESS
VTI,Pcp/ChCnj,VTI_am,waabandan,waaband,0SgHead,XSubj,0SgObj,Neu,Pos,wayaabandaming,<ChCnj><<waaband>>aming,GUESS
VTI,Pcp/ChCnj,VTI_i,miijin,miiji,0SgHead,XSubj,0SgObj,Neu,Pos,maajing,<ChCnj><<miiji>>ng,GUESS
VTI,Pcp/ChCnj,VTI_oo,wanitoon,wanit,0SgHead,XSubj,0SgObj,Neu,Pos,wenitoong,<ChCnj><<wanit>>oong,GUESS
VTI,Pcp/ChCnj,VTI_aa,ayaan,ayaa,0SgHead,XSubj,0SgObj,Prt,Neg,MISSING,,
VTI,Pcp/ChCnj,VTI_am,waabandan,waaband,0SgHead,XSubj,0SgObj,Prt,Neg,wayaabandanzingiban,<ChCnj><<waaband>>anzingiban,GUESS
VTI,Pcp/ChCnj,VTI_i,miijin,miiji,0SgHead,XSubj,0SgObj,Prt,Neg,maajisingiban,<ChCnj><<miiji>>singiban,GUESS
VTI,Pcp/ChCnj,VTI_oo,wanitoon,wanit,0SgHead,XSubj,0SgObj,Prt,Neg,wenitoosingiban,<ChCnj><<wanit>>oosingiban,GUESS
VTI,Pcp/ChCnj,VTI_aa,ayaan,ayaa,0SgHead,XSubj,0SgObj,Prt,Pos,MISSING,,
VTI,Pcp/ChCnj,VTI_am,waabandan,waaband,0SgHead,XSubj,0SgObj,Prt,Pos,wayaabandamingiban,<ChCnj><<waaband>>amingiban,GUESS
VTI,Pcp/ChCnj,VTI_i,miijin,miiji,0SgHead,XSubj,0SgObj,Prt,Pos,maajingiban,<ChCnj><<miiji>>ngiban,GUESS
VTI,Pcp/ChCnj,VTI_oo,wanitoon,wanit,0SgHead,XSubj,0SgObj,Prt,Pos,wenitoongiban,<ChCnj><<wanit>>oongiban,GUESS
VTI,Pcp/PVSub/gaa,VTI_aa,ayaan,ayaa,0PlHead,1SgSubj,0PlObj,Dub,Neg,gaa-ayaanziiwaanen,gaa-<<ayaa>>nziiwaanen,GUESS
VTI,Pcp/PVSub/gaa,VTI_am,waabandan,waaband,0PlHead,1SgSubj,0PlObj,Dub,Neg,gaa-waabandanziiwaanen,gaa-<<waaband>>anziiwaanen,JDN-2010-MS-VTI-p36
VTI,Pcp/PVSub/gaa,VTI_i,miijin,miiji,0PlHead,1SgSubj,0PlObj,Dub,Neg,gaa-miijisiiwaanen,gaa-<<miiji>>siiwaanen,JDN-2010-MS-VTI-p36
VTI,Pcp/PVSub/gaa,VTI_oo,wanitoon,wanit,0PlHead,1SgSubj,0PlObj,Dub,Neg,gaa-wanitoosiiwaanen,gaa-<<wanit>>oosiiwaanen,JDN-2010-MS-VTI-p36
VTI,Pcp/PVSub/gaa,VTI_aa,ayaan,ayaa,0PlHead,1SgSubj,0PlObj,Dub,Pos,MISSING,,
VTI,Pcp/PVSub/gaa,VTI_am,waabandan,waaband,0PlHead,1SgSubj,0PlObj,Dub,Pos,gaa-waabandamowaanen,gaa-<<waaband>>amowaanen,JDN-2010-MS-VTI-p35
VTI,Pcp/PVSub/gaa,VTI_i,miijin,miiji,0PlHead,1SgSubj,0PlObj,Dub,Pos,gaa-miijiwaanen,gaa-<<miiji>>waanen,JDN-2010-MS-VTI-p35
VTI,Pcp/PVSub/gaa,VTI_oo,wanitoon,wanit,0PlHead,1SgSubj,0PlObj,Dub,Pos,gaa-wanitoowaanen,gaa-<<wanit>>oowaanen,JDN-2010-MS-VTI-p35
VTI,Pcp/PVSub/gaa,VTI_aa,ayaan,ayaa,0PlHead,1SgSubj,0PlObj,DubPrt,Neg,MISSING,,
VTI,Pcp/PVSub/gaa,VTI_am,waabandan,waaband,0PlHead,1SgSubj,0PlObj,DubPrt,Neg,gaa-waabandanziiwaambaanen,gaa-<<waaband>>anziiwaambaanen,JDN-2010-MS-VTI-p40
VTI,Pcp/PVSub/gaa,VTI_i,miijin,miiji,0PlHead,1SgSubj,0PlObj,DubPrt,Neg,gaa-miijisiiwaambaanen,gaa-<<miiji>>siiwaambaanen,JDN-2010-MS-VTI-p40
VTI,Pcp/PVSub/gaa,VTI_oo,wanitoon,wanit,0PlHead,1SgSubj,0PlObj,DubPrt,Neg,gaa-wanitoosiiwaambaanen,gaa-<<wanit>>oosiiwaambaanen,JDN-2010-MS-VTI-p40
VTI,Pcp/PVSub/gaa,VTI_aa,ayaan,ayaa,0PlHead,1SgSubj,0PlObj,DubPrt,Pos,MISSING,,
VTI,Pcp/PVSub/gaa,VTI_am,waabandan,waaband,0PlHead,1SgSubj,0PlObj,DubPrt,Pos,gaa-waabandamowaambaanen,gaa-<<waaband>>amowaambaanen,JDN-2010-MS-VTI-p39
VTI,Pcp/PVSub/gaa,VTI_i,miijin,miiji,0PlHead,1SgSubj,0PlObj,DubPrt,Pos,gaa-miijiwaambaanen,gaa-<<miiji>>waambaanen,JDN-2010-MS-VTI-p39
VTI,Pcp/PVSub/gaa,VTI_oo,wanitoon,wanit,0PlHead,1SgSubj,0PlObj,DubPrt,Pos,gaa-wanitoowaambaanen,gaa-<<wanit>>oowaambaanen,JDN-2010-MS-VTI-p39
VTI,Pcp/PVSub/gaa,VTI_aa,ayaan,ayaa,0PlHead,1SgSubj,0PlObj,Neu,Neg,gaa-ayaanziwaan,gaa-<<ayaa>>nziwaan,JDN-2010-MS-VTI-p28
VTI,Pcp/PVSub/gaa,VTI_am,waabandan,waaband,0PlHead,1SgSubj,0PlObj,Neu,Neg,gaa-waabandanziwaan,gaa-<<waaband>>anziwaan,NJ-zoom-2023Sep8; JDN-2010-MS-VTI-p28
VTI,Pcp/PVSub/gaa,VTI_i,miijin,miiji,0PlHead,1SgSubj,0PlObj,Neu,Neg,gaa-miijisiwaan,gaa-<<miiji>>siwaan,JDN-2010-MS-VTI-p28
VTI,Pcp/PVSub/gaa,VTI_oo,wanitoon,wanit,0PlHead,1SgSubj,0PlObj,Neu,Neg,gaa-wanitoosiwaan,gaa-<<wanit>>oosiwaan,JDN-2010-MS-VTI-p28
VTI,Pcp/PVSub/gaa,VTI_aa,ayaan,ayaa,0PlHead,1SgSubj,0PlObj,Neu,Pos,gaa-ayaamaan,gaa-<<ayaa>>maan,JDN-2010-MS-VTI-p27
VTI,Pcp/PVSub/gaa,VTI_am,waabandan,waaband,0PlHead,1SgSubj,0PlObj,Neu,Pos,gaa-waabandamaan,gaa-<<waaband>>amaan,NJ-zoom-2023Sep8; JDN-2010-MS-VTI-p27
VTI,Pcp/PVSub/gaa,VTI_i,miijin,miiji,0PlHead,1SgSubj,0PlObj,Neu,Pos,gaa-miijiyaan,gaa-<<miiji>>yaan,JDN-2010-MS-VTI-p27
VTI,Pcp/PVSub/gaa,VTI_oo,wanitoon,wanit,0PlHead,1SgSubj,0PlObj,Neu,Pos,gaa-wanitooyaan,gaa-<<wanit>>ooyaan,JDN-2010-MS-VTI-p27
VTI,Pcp/PVSub/gaa,VTI_aa,ayaan,ayaa,0PlHead,1SgSubj,0PlObj,Prt,Neg,MISSING,,
VTI,Pcp/PVSub/gaa,VTI_am,waabandan,waaband,0PlHead,1SgSubj,0PlObj,Prt,Neg,gaa-waabandanziwaambaan,gaa-<<waaband>>anziwaambaan,JDN-2010-MS-VTI-p32
VTI,Pcp/PVSub/gaa,VTI_i,miijin,miiji,0PlHead,1SgSubj,0PlObj,Prt,Neg,gaa-miijisiwaambaan,gaa-<<miiji>>siwaambaan,JDN-2010-MS-VTI-p32
VTI,Pcp/PVSub/gaa,VTI_oo,wanitoon,wanit,0PlHead,1SgSubj,0PlObj,Prt,Neg,gaa-wanitoosiwaambaan,gaa-<<wanit>>oosiwaambaan,JDN-2010-MS-VTI-p32
VTI,Pcp/PVSub/gaa,VTI_aa,ayaan,ayaa,0PlHead,1SgSubj,0PlObj,Prt,Pos,MISSING,,
VTI,Pcp/PVSub/gaa,VTI_am,waabandan,waaband,0PlHead,1SgSubj,0PlObj,Prt,Pos,gaa-waabandamaambaan,gaa-<<waaband>>amaambaan,JDN-2010-MS-VTI-p31
VTI,Pcp/PVSub/gaa,VTI_i,miijin,miiji,0PlHead,1SgSubj,0PlObj,Prt,Pos,gaa-miijiyaambaan,gaa-<<miiji>>yaambaan,JDN-2010-MS-VTI-p31
VTI,Pcp/PVSub/gaa,VTI_oo,wanitoon,wanit,0PlHead,1SgSubj,0PlObj,Prt,Pos,gaa-wanitooyaambaan,gaa-<<wanit>>ooyaambaan,JDN-2010-MS-VTI-p31
VTI,Pcp/PVSub/gaa,VTI_aa,ayaan,ayaa,0PlHead,2PlSubj,0PlObj,Dub,Neg,gaa-ayaanziiwegwen,gaa-<<ayaa>>nziiwegwen,GUESS
VTI,Pcp/PVSub/gaa,VTI_am,waabandan,waaband,0PlHead,2PlSubj,0PlObj,Dub,Neg,gaa-waabandanziiwegwen,gaa-<<waaband>>anziiwegwen,JDN-2010-MS-VTI-p36
VTI,Pcp/PVSub/gaa,VTI_i,miijin,miiji,0PlHead,2PlSubj,0PlObj,Dub,Neg,gaa-miijisiiwegwen,gaa-<<miiji>>siiwegwen,JDN-2010-MS-VTI-p36
VTI,Pcp/PVSub/gaa,VTI_oo,wanitoon,wanit,0PlHead,2PlSubj,0PlObj,Dub,Neg,gaa-wanitoosiiwegwen,gaa-<<wanit>>oosiiwegwen,JDN-2010-MS-VTI-p36
VTI,Pcp/PVSub/gaa,VTI_aa,ayaan,ayaa,0PlHead,2PlSubj,0PlObj,Dub,Pos,MISSING,,
VTI,Pcp/PVSub/gaa,VTI_am,waabandan,waaband,0PlHead,2PlSubj,0PlObj,Dub,Pos,gaa-waabandamowegwen,gaa-<<waaband>>amowegwen,JDN-2010-MS-VTI-p35
VTI,Pcp/PVSub/gaa,VTI_i,miijin,miiji,0PlHead,2PlSubj,0PlObj,Dub,Pos,gaa-miijiwegwen,gaa-<<miiji>>wegwen,JDN-2010-MS-VTI-p35
VTI,Pcp/PVSub/gaa,VTI_oo,wanitoon,wanit,0PlHead,2PlSubj,0PlObj,Dub,Pos,gaa-wanitoowegwen,gaa-<<wanit>>oowegwen,JDN-2010-MS-VTI-p35
VTI,Pcp/PVSub/gaa,VTI_aa,ayaan,ayaa,0PlHead,2PlSubj,0PlObj,DubPrt,Neg,MISSING,,
VTI,Pcp/PVSub/gaa,VTI_am,waabandan,waaband,0PlHead,2PlSubj,0PlObj,DubPrt,Neg,gaa-waabandanziiwegobanen,gaa-<<waaband>>anziiwegobanen,JDN-2010-MS-VTI-p40
VTI,Pcp/PVSub/gaa,VTI_i,miijin,miiji,0PlHead,2PlSubj,0PlObj,DubPrt,Neg,gaa-miijisiiwegobanen,gaa-<<miiji>>siiwegobanen,JDN-2010-MS-VTI-p40
VTI,Pcp/PVSub/gaa,VTI_oo,wanitoon,wanit,0PlHead,2PlSubj,0PlObj,DubPrt,Neg,gaa-wanitoosiiwegobanen,gaa-<<wanit>>oosiiwegobanen,JDN-2010-MS-VTI-p40
VTI,Pcp/PVSub/gaa,VTI_aa,ayaan,ayaa,0PlHead,2PlSubj,0PlObj,DubPrt,Pos,MISSING,,
VTI,Pcp/PVSub/gaa,VTI_am,waabandan,waaband,0PlHead,2PlSubj,0PlObj,DubPrt,Pos,gaa-waabandamowegobanen,gaa-<<waaband>>amowegobanen,JDN-2010-MS-VTI-p39
VTI,Pcp/PVSub/gaa,VTI_i,miijin,miiji,0PlHead,2PlSubj,0PlObj,DubPrt,Pos,gaa-miijiwegobanen,gaa-<<miiji>>wegobanen,JDN-2010-MS-VTI-p39
VTI,Pcp/PVSub/gaa,VTI_oo,wanitoon,wanit,0PlHead,2PlSubj,0PlObj,DubPrt,Pos,gaa-wanitoowegobanen,gaa-<<wanit>>oowegobanen,JDN-2010-MS-VTI-p39
VTI,Pcp/PVSub/gaa,VTI_aa,ayaan,ayaa,0PlHead,2PlSubj,0PlObj,Neu,Neg,gaa-ayaanziweg,gaa-<<ayaa>>nziweg,JDN-2010-MS-VTI-p28
VTI,Pcp/PVSub/gaa,VTI_am,waabandan,waaband,0PlHead,2PlSubj,0PlObj,Neu,Neg,gaa-waabandanziweg,gaa-<<waaband>>anziweg,NJ-zoom-2023Sep8; JDN-2010-MS-VTI-p28
VTI,Pcp/PVSub/gaa,VTI_i,miijin,miiji,0PlHead,2PlSubj,0PlObj,Neu,Neg,gaa-miijisiweg,gaa-<<miiji>>siweg,JDN-2010-MS-VTI-p28
VTI,Pcp/PVSub/gaa,VTI_oo,wanitoon,wanit,0PlHead,2PlSubj,0PlObj,Neu,Neg,gaa-wanitoosiweg,gaa-<<wanit>>oosiweg,JDN-2010-MS-VTI-p28
VTI,Pcp/PVSub/gaa,VTI_aa,ayaan,ayaa,0PlHead,2PlSubj,0PlObj,Neu,Pos,gaa-ayaameg,gaa-<<ayaa>>meg,JDN-2010-MS-VTI-p27
VTI,Pcp/PVSub/gaa,VTI_am,waabandan,waaband,0PlHead,2PlSubj,0PlObj,Neu,Pos,gaa-waabandameg,gaa-<<waaband>>ameg,NJ-zoom-2023Sep8; JDN-2010-MS-VTI-p27
VTI,Pcp/PVSub/gaa,VTI_i,miijin,miiji,0PlHead,2PlSubj,0PlObj,Neu,Pos,gaa-miijiyeg,gaa-<<miiji>>yeg,JDN-2010-MS-VTI-p27
VTI,Pcp/PVSub/gaa,VTI_oo,wanitoon,wanit,0PlHead,2PlSubj,0PlObj,Neu,Pos,gaa-wanitooyeg,gaa-<<wanit>>ooyeg,JDN-2010-MS-VTI-p27
VTI,Pcp/PVSub/gaa,VTI_aa,ayaan,ayaa,0PlHead,2PlSubj,0PlObj,Prt,Neg,MISSING,,
VTI,Pcp/PVSub/gaa,VTI_am,waabandan,waaband,0PlHead,2PlSubj,0PlObj,Prt,Neg,gaa-waabandanziwegoban,gaa-<<waaband>>anziwegoban,JDN-2010-MS-VTI-p32
VTI,Pcp/PVSub/gaa,VTI_i,miijin,miiji,0PlHead,2PlSubj,0PlObj,Prt,Neg,gaa-miijisiwegoban,gaa-<<miiji>>siwegoban,JDN-2010-MS-VTI-p32
VTI,Pcp/PVSub/gaa,VTI_oo,wanitoon,wanit,0PlHead,2PlSubj,0PlObj,Prt,Neg,gaa-wanitoosiwegoban,gaa-<<wanit>>oosiwegoban,JDN-2010-MS-VTI-p32
VTI,Pcp/PVSub/gaa,VTI_aa,ayaan,ayaa,0PlHead,2PlSubj,0PlObj,Prt,Pos,MISSING,,
VTI,Pcp/PVSub/gaa,VTI_am,waabandan,waaband,0PlHead,2PlSubj,0PlObj,Prt,Pos,gaa-waabandamegoban,gaa-<<waaband>>amegoban,JDN-2010-MS-VTI-p31
VTI,Pcp/PVSub/gaa,VTI_i,miijin,miiji,0PlHead,2PlSubj,0PlObj,Prt,Pos,gaa-miijiyegoban,gaa-<<miiji>>yegoban,JDN-2010-MS-VTI-p31
VTI,Pcp/PVSub/gaa,VTI_oo,wanitoon,wanit,0PlHead,2PlSubj,0PlObj,Prt,Pos,gaa-wanitooyegoban,gaa-<<wanit>>ooyegoban,JDN-2010-MS-VTI-p31
VTI,Pcp/PVSub/gaa,VTI_aa,ayaan,ayaa,0PlHead,2SgSubj,0PlObj,Dub,Neg,gaa-ayaanziiwanen,gaa-<<ayaa>>nziiwanen,GUESS
VTI,Pcp/PVSub/gaa,VTI_am,waabandan,waaband,0PlHead,2SgSubj,0PlObj,Dub,Neg,gaa-waabandanziiwanen,gaa-<<waaband>>anziiwanen,JDN-2010-MS-VTI-p36
VTI,Pcp/PVSub/gaa,VTI_i,miijin,miiji,0PlHead,2SgSubj,0PlObj,Dub,Neg,gaa-miijisiiwanen,gaa-<<miiji>>siiwanen,JDN-2010-MS-VTI-p36
VTI,Pcp/PVSub/gaa,VTI_oo,wanitoon,wanit,0PlHead,2SgSubj,0PlObj,Dub,Neg,gaa-wanitoosiiwanen,gaa-<<wanit>>oosiiwanen,JDN-2010-MS-VTI-p36
VTI,Pcp/PVSub/gaa,VTI_aa,ayaan,ayaa,0PlHead,2SgSubj,0PlObj,Dub,Pos,MISSING,,
VTI,Pcp/PVSub/gaa,VTI_am,waabandan,waaband,0PlHead,2SgSubj,0PlObj,Dub,Pos,gaa-waabandamowanen,gaa-<<waaband>>amowanen,JDN-2010-MS-VTI-p35
VTI,Pcp/PVSub/gaa,VTI_i,miijin,miiji,0PlHead,2SgSubj,0PlObj,Dub,Pos,gaa-miijiwanen,gaa-<<miiji>>wanen,JDN-2010-MS-VTI-p35
VTI,Pcp/PVSub/gaa,VTI_oo,wanitoon,wanit,0PlHead,2SgSubj,0PlObj,Dub,Pos,gaa-wanitoowanen,gaa-<<wanit>>oowanen,JDN-2010-MS-VTI-p35
VTI,Pcp/PVSub/gaa,VTI_aa,ayaan,ayaa,0PlHead,2SgSubj,0PlObj,DubPrt,Neg,MISSING,,
VTI,Pcp/PVSub/gaa,VTI_am,waabandan,waaband,0PlHead,2SgSubj,0PlObj,DubPrt,Neg,gaa-waabandanziiwambanen,gaa-<<waaband>>anziiwambanen,JDN-2010-MS-VTI-p40
VTI,Pcp/PVSub/gaa,VTI_i,miijin,miiji,0PlHead,2SgSubj,0PlObj,DubPrt,Neg,gaa-miijisiiwambanen,gaa-<<miiji>>siiwambanen,JDN-2010-MS-VTI-p40
VTI,Pcp/PVSub/gaa,VTI_oo,wanitoon,wanit,0PlHead,2SgSubj,0PlObj,DubPrt,Neg,gaa-wanitoosiiwambanen,gaa-<<wanit>>oosiiwambanen,JDN-2010-MS-VTI-p40
VTI,Pcp/PVSub/gaa,VTI_aa,ayaan,ayaa,0PlHead,2SgSubj,0PlObj,DubPrt,Pos,MISSING,,
VTI,Pcp/PVSub/gaa,VTI_am,waabandan,waaband,0PlHead,2SgSubj,0PlObj,DubPrt,Pos,gaa-waabandamowambanen,gaa-<<waaband>>amowambanen,JDN-2010-MS-VTI-p39
VTI,Pcp/PVSub/gaa,VTI_i,miijin,miiji,0PlHead,2SgSubj,0PlObj,DubPrt,Pos,gaa-miijiwambanen,gaa-<<miiji>>wambanen,JDN-2010-MS-VTI-p39
VTI,Pcp/PVSub/gaa,VTI_oo,wanitoon,wanit,0PlHead,2SgSubj,0PlObj,DubPrt,Pos,gaa-wanitoowambanen,gaa-<<wanit>>oowambanen,JDN-2010-MS-VTI-p39
VTI,Pcp/PVSub/gaa,VTI_aa,ayaan,ayaa,0PlHead,2SgSubj,0PlObj,Neu,Neg,gaa-ayaanziwan,gaa-<<ayaa>>nziwan,JDN-2010-MS-VTI-p28
VTI,Pcp/PVSub/gaa,VTI_am,waabandan,waaband,0PlHead,2SgSubj,0PlObj,Neu,Neg,gaa-waabandanziwan,gaa-<<waaband>>anziwan,NJ-zoom-2023Sep8; JDN-2010-MS-VTI-p28
VTI,Pcp/PVSub/gaa,VTI_i,miijin,miiji,0PlHead,2SgSubj,0PlObj,Neu,Neg,gaa-miijisiwan,gaa-<<miiji>>siwan,JDN-2010-MS-VTI-p28
VTI,Pcp/PVSub/gaa,VTI_oo,wanitoon,wanit,0PlHead,2SgSubj,0PlObj,Neu,Neg,gaa-wanitoosiwan,gaa-<<wanit>>oosiwan,JDN-2010-MS-VTI-p28
VTI,Pcp/PVSub/gaa,VTI_aa,ayaan,ayaa,0PlHead,2SgSubj,0PlObj,Neu,Pos,gaa-ayaaman,gaa-<<ayaa>>man,JDN-2010-MS-VTI-p27
VTI,Pcp/PVSub/gaa,VTI_am,waabandan,waaband,0PlHead,2SgSubj,0PlObj,Neu,Pos,gaa-waabandaman,gaa-<<waaband>>aman,NJ-zoom-2023Sep8; JDN-2010-MS-VTI-p27
VTI,Pcp/PVSub/gaa,VTI_i,miijin,miiji,0PlHead,2SgSubj,0PlObj,Neu,Pos,gaa-miijiyan,gaa-<<miiji>>yan,JDN-2010-MS-VTI-p27
VTI,Pcp/PVSub/gaa,VTI_oo,wanitoon,wanit,0PlHead,2SgSubj,0PlObj,Neu,Pos,gaa-wanitooyan,gaa-<<wanit>>ooyan,JDN-2010-MS-VTI-p27
VTI,Pcp/PVSub/gaa,VTI_aa,ayaan,ayaa,0PlHead,2SgSubj,0PlObj,Prt,Neg,MISSING,,
VTI,Pcp/PVSub/gaa,VTI_am,waabandan,waaband,0PlHead,2SgSubj,0PlObj,Prt,Neg,gaa-waabandanziwamban,gaa-<<waaband>>anziwamban,JDN-2010-MS-VTI-p32
VTI,Pcp/PVSub/gaa,VTI_i,miijin,miiji,0PlHead,2SgSubj,0PlObj,Prt,Neg,gaa-miijisiwamban,gaa-<<miiji>>siwamban,JDN-2010-MS-VTI-p32
VTI,Pcp/PVSub/gaa,VTI_oo,wanitoon,wanit,0PlHead,2SgSubj,0PlObj,Prt,Neg,gaa-wanitoosiwamban,gaa-<<wanit>>oosiwamban,JDN-2010-MS-VTI-p32
VTI,Pcp/PVSub/gaa,VTI_aa,ayaan,ayaa,0PlHead,2SgSubj,0PlObj,Prt,Pos,MISSING,,
VTI,Pcp/PVSub/gaa,VTI_am,waabandan,waaband,0PlHead,2SgSubj,0PlObj,Prt,Pos,gaa-waabandamamban,gaa-<<waaband>>amamban,JDN-2010-MS-VTI-p31
VTI,Pcp/PVSub/gaa,VTI_i,miijin,miiji,0PlHead,2SgSubj,0PlObj,Prt,Pos,gaa-miijiyamban,gaa-<<miiji>>yamban,JDN-2010-MS-VTI-p31
VTI,Pcp/PVSub/gaa,VTI_oo,wanitoon,wanit,0PlHead,2SgSubj,0PlObj,Prt,Pos,gaa-wanitooyamban,gaa-<<wanit>>ooyamban,JDN-2010-MS-VTI-p31
VTI,Pcp/PVSub/gaa,VTI_aa,ayaan,ayaa,0PlHead,3PlObvSubj,0PlObj,Dub,Neg,gaa-ayaanziinigwen,gaa-<<ayaa>>nziinigwen,GUESS
VTI,Pcp/PVSub/gaa,VTI_am,waabandan,waaband,0PlHead,3PlObvSubj,0PlObj,Dub,Neg,gaa-waabandanziinigwen,gaa-<<waaband>>anziinigwen,JDN-2010-MS-VTI-p36
VTI,Pcp/PVSub/gaa,VTI_i,miijin,miiji,0PlHead,3PlObvSubj,0PlObj,Dub,Neg,gaa-miijisiinigwen,gaa-<<miiji>>siinigwen,JDN-2010-MS-VTI-p36
VTI,Pcp/PVSub/gaa,VTI_oo,wanitoon,wanit,0PlHead,3PlObvSubj,0PlObj,Dub,Neg,gaa-wanitoosiinigwen,gaa-<<wanit>>oosiinigwen,JDN-2010-MS-VTI-p36
VTI,Pcp/PVSub/gaa,VTI_aa,ayaan,ayaa,0PlHead,3PlObvSubj,0PlObj,Dub,Pos,MISSING,,
VTI,Pcp/PVSub/gaa,VTI_am,waabandan,waaband,0PlHead,3PlObvSubj,0PlObj,Dub,Pos,gaa-waabandaminigwen,gaa-<<waaband>>aminigwen,JDN-2010-MS-VTI-p35
VTI,Pcp/PVSub/gaa,VTI_i,miijin,miiji,0PlHead,3PlObvSubj,0PlObj,Dub,Pos,gaa-miijinigwen,gaa-<<miiji>>nigwen,JDN-2010-MS-VTI-p35
VTI,Pcp/PVSub/gaa,VTI_oo,wanitoon,wanit,0PlHead,3PlObvSubj,0PlObj,Dub,Pos,gaa-wanitoonigwen,gaa-<<wanit>>oonigwen,JDN-2010-MS-VTI-p35
VTI,Pcp/PVSub/gaa,VTI_aa,ayaan,ayaa,0PlHead,3PlObvSubj,0PlObj,DubPrt,Neg,MISSING,,
VTI,Pcp/PVSub/gaa,VTI_am,waabandan,waaband,0PlHead,3PlObvSubj,0PlObj,DubPrt,Neg,gaa-waabandanziinigobanen,gaa-<<waaband>>anziinigobanen,JDN-2010-MS-VTI-p40
VTI,Pcp/PVSub/gaa,VTI_i,miijin,miiji,0PlHead,3PlObvSubj,0PlObj,DubPrt,Neg,gaa-miijisiinigobanen,gaa-<<miiji>>siinigobanen,JDN-2010-MS-VTI-p40
VTI,Pcp/PVSub/gaa,VTI_oo,wanitoon,wanit,0PlHead,3PlObvSubj,0PlObj,DubPrt,Neg,gaa-wanitoosiinigobanen,gaa-<<wanit>>oosiinigobanen,JDN-2010-MS-VTI-p40
VTI,Pcp/PVSub/gaa,VTI_aa,ayaan,ayaa,0PlHead,3PlObvSubj,0PlObj,DubPrt,Pos,MISSING,,
VTI,Pcp/PVSub/gaa,VTI_am,waabandan,waaband,0PlHead,3PlObvSubj,0PlObj,DubPrt,Pos,gaa-waabandaminigobanen,gaa-<<waaband>>aminigobanen,JDN-2010-MS-VTI-p39
VTI,Pcp/PVSub/gaa,VTI_i,miijin,miiji,0PlHead,3PlObvSubj,0PlObj,DubPrt,Pos,gaa-miijinigobanen,gaa-<<miiji>>nigobanen,JDN-2010-MS-VTI-p39
VTI,Pcp/PVSub/gaa,VTI_oo,wanitoon,wanit,0PlHead,3PlObvSubj,0PlObj,DubPrt,Pos,gaa-wanitoonigobanen,gaa-<<wanit>>oonigobanen,JDN-2010-MS-VTI-p39
VTI,Pcp/PVSub/gaa,VTI_aa,ayaan,ayaa,0PlHead,3PlObvSubj,0PlObj,Neu,Neg,gaa-ayaanzinig,gaa-<<ayaa>>nzinig,JDN-2010-MS-VTI-p28
VTI,Pcp/PVSub/gaa,VTI_am,waabandan,waaband,0PlHead,3PlObvSubj,0PlObj,Neu,Neg,gaa-waabandanzinig,gaa-<<waaband>>anzinig,NJ-zoom-2023Sep8; JDN-2010-MS-VTI-p28
VTI,Pcp/PVSub/gaa,VTI_i,miijin,miiji,0PlHead,3PlObvSubj,0PlObj,Neu,Neg,gaa-miijisinig,gaa-<<miiji>>sinig,JDN-2010-MS-VTI-p28
VTI,Pcp/PVSub/gaa,VTI_oo,wanitoon,wanit,0PlHead,3PlObvSubj,0PlObj,Neu,Neg,gaa-wanitoosinig,gaa-<<wanit>>oosinig,JDN-2010-MS-VTI-p28
VTI,Pcp/PVSub/gaa,VTI_aa,ayaan,ayaa,0PlHead,3PlObvSubj,0PlObj,Neu,Pos,gaa-ayaaminid,gaa-<<ayaa>>minid,JDN-2010-MS-VTI-p27
VTI,Pcp/PVSub/gaa,VTI_am,waabandan,waaband,0PlHead,3PlObvSubj,0PlObj,Neu,Pos,gaa-waabandaminid,gaa-<<waaband>>aminid,NJ-zoom-2023Sep8; JDN-2010-MS-VTI-p27
VTI,Pcp/PVSub/gaa,VTI_i,miijin,miiji,0PlHead,3PlObvSubj,0PlObj,Neu,Pos,gaa-miijinid,gaa-<<miiji>>nid,JDN-2010-MS-VTI-p27
VTI,Pcp/PVSub/gaa,VTI_oo,wanitoon,wanit,0PlHead,3PlObvSubj,0PlObj,Neu,Pos,gaa-wanitoonid,gaa-<<wanit>>oonid,JDN-2010-MS-VTI-p27
VTI,Pcp/PVSub/gaa,VTI_aa,ayaan,ayaa,0PlHead,3PlObvSubj,0PlObj,Prt,Neg,MISSING,,
VTI,Pcp/PVSub/gaa,VTI_am,waabandan,waaband,0PlHead,3PlObvSubj,0PlObj,Prt,Neg,gaa-waabandanzinigoban,gaa-<<waaband>>anzinigoban,JDN-2010-MS-VTI-p32
VTI,Pcp/PVSub/gaa,VTI_i,miijin,miiji,0PlHead,3PlObvSubj,0PlObj,Prt,Neg,gaa-miijisinigoban,gaa-<<miiji>>sinigoban,JDN-2010-MS-VTI-p32
VTI,Pcp/PVSub/gaa,VTI_oo,wanitoon,wanit,0PlHead,3PlObvSubj,0PlObj,Prt,Neg,gaa-wanitoosinigoban,gaa-<<wanit>>oosinigoban,JDN-2010-MS-VTI-p32
VTI,Pcp/PVSub/gaa,VTI_aa,ayaan,ayaa,0PlHead,3PlObvSubj,0PlObj,Prt,Pos,MISSING,,
VTI,Pcp/PVSub/gaa,VTI_am,waabandan,waaband,0PlHead,3PlObvSubj,0PlObj,Prt,Pos,gaa-waabandaminipan,gaa-<<waaband>>aminipan,JDN-2010-MS-VTI-p31
VTI,Pcp/PVSub/gaa,VTI_i,miijin,miiji,0PlHead,3PlObvSubj,0PlObj,Prt,Pos,gaa-miijinipan,gaa-<<miiji>>nipan,JDN-2010-MS-VTI-p31
VTI,Pcp/PVSub/gaa,VTI_oo,wanitoon,wanit,0PlHead,3PlObvSubj,0PlObj,Prt,Pos,gaa-wanitoonipan,gaa-<<wanit>>oonipan,JDN-2010-MS-VTI-p31
VTI,Pcp/PVSub/gaa,VTI_aa,ayaan,ayaa,3PlObvHead,3PlObvSubj,0PlObj,Dub,Neg,gaa-ayaanziinigwen,gaa-<<ayaa>>nziinigwen,GUESS
VTI,Pcp/PVSub/gaa,VTI_am,waabandan,waaband,3PlObvHead,3PlObvSubj,0PlObj,Dub,Neg,gaa-waabandanziinigwen,gaa-<<waaband>>anziinigwen,JDN-2010-MS-VTI-p36
VTI,Pcp/PVSub/gaa,VTI_i,miijin,miiji,3PlObvHead,3PlObvSubj,0PlObj,Dub,Neg,gaa-miijisiinigwen,gaa-<<miiji>>siinigwen,JDN-2010-MS-VTI-p36
VTI,Pcp/PVSub/gaa,VTI_oo,wanitoon,wanit,3PlObvHead,3PlObvSubj,0PlObj,Dub,Neg,gaa-wanitoosiinigwen,gaa-<<wanit>>oosiinigwen,JDN-2010-MS-VTI-p36
VTI,Pcp/PVSub/gaa,VTI_aa,ayaan,ayaa,3PlObvHead,3PlObvSubj,0PlObj,Dub,Pos,MISSING,,
VTI,Pcp/PVSub/gaa,VTI_am,waabandan,waaband,3PlObvHead,3PlObvSubj,0PlObj,Dub,Pos,gaa-waabandaminigwen,gaa-<<waaband>>aminigwen,JDN-2010-MS-VTI-p35
VTI,Pcp/PVSub/gaa,VTI_i,miijin,miiji,3PlObvHead,3PlObvSubj,0PlObj,Dub,Pos,gaa-miijinigwen,gaa-<<miiji>>nigwen,JDN-2010-MS-VTI-p35
VTI,Pcp/PVSub/gaa,VTI_oo,wanitoon,wanit,3PlObvHead,3PlObvSubj,0PlObj,Dub,Pos,gaa-wanitoonigwen,gaa-<<wanit>>oonigwen,JDN-2010-MS-VTI-p35
VTI,Pcp/PVSub/gaa,VTI_aa,ayaan,ayaa,3PlObvHead,3PlObvSubj,0PlObj,DubPrt,Neg,MISSING,,
VTI,Pcp/PVSub/gaa,VTI_am,waabandan,waaband,3PlObvHead,3PlObvSubj,0PlObj,DubPrt,Neg,gaa-waabandanziinigobanen,gaa-<<waaband>>anziinigobanen,JDN-2010-MS-VTI-p40
VTI,Pcp/PVSub/gaa,VTI_i,miijin,miiji,3PlObvHead,3PlObvSubj,0PlObj,DubPrt,Neg,gaa-miijisiinigobanen,gaa-<<miiji>>siinigobanen,JDN-2010-MS-VTI-p40
VTI,Pcp/PVSub/gaa,VTI_oo,wanitoon,wanit,3PlObvHead,3PlObvSubj,0PlObj,DubPrt,Neg,gaa-wanitoosiinigobanen,gaa-<<wanit>>oosiinigobanen,JDN-2010-MS-VTI-p40
VTI,Pcp/PVSub/gaa,VTI_aa,ayaan,ayaa,3PlObvHead,3PlObvSubj,0PlObj,DubPrt,Pos,MISSING,,
VTI,Pcp/PVSub/gaa,VTI_am,waabandan,waaband,3PlObvHead,3PlObvSubj,0PlObj,DubPrt,Pos,gaa-waabandaminigobanen,gaa-<<waaband>>aminigobanen,JDN-2010-MS-VTI-p39
VTI,Pcp/PVSub/gaa,VTI_i,miijin,miiji,3PlObvHead,3PlObvSubj,0PlObj,DubPrt,Pos,gaa-miijinigobanen,gaa-<<miiji>>nigobanen,JDN-2010-MS-VTI-p39
VTI,Pcp/PVSub/gaa,VTI_oo,wanitoon,wanit,3PlObvHead,3PlObvSubj,0PlObj,DubPrt,Pos,gaa-wanitoonigobanen,gaa-<<wanit>>oonigobanen,JDN-2010-MS-VTI-p39
VTI,Pcp/PVSub/gaa,VTI_aa,ayaan,ayaa,3PlObvHead,3PlObvSubj,0PlObj,Neu,Neg,gaa-ayaanzinig,gaa-<<ayaa>>nzinig,JDN-2010-MS-VTI-p28
VTI,Pcp/PVSub/gaa,VTI_am,waabandan,waaband,3PlObvHead,3PlObvSubj,0PlObj,Neu,Neg,gaa-waabandanzinig,gaa-<<waaband>>anzinig,NJ-zoom-2023Sep8; JDN-2010-MS-VTI-p28
VTI,Pcp/PVSub/gaa,VTI_i,miijin,miiji,3PlObvHead,3PlObvSubj,0PlObj,Neu,Neg,gaa-miijisinig,gaa-<<miiji>>sinig,JDN-2010-MS-VTI-p28
VTI,Pcp/PVSub/gaa,VTI_oo,wanitoon,wanit,3PlObvHead,3PlObvSubj,0PlObj,Neu,Neg,gaa-wanitoosinig,gaa-<<wanit>>oosinig,JDN-2010-MS-VTI-p28
VTI,Pcp/PVSub/gaa,VTI_aa,ayaan,ayaa,3PlObvHead,3PlObvSubj,0PlObj,Neu,Pos,gaa-ayaaminid,gaa-<<ayaa>>minid,JDN-2010-MS-VTI-p27
VTI,Pcp/PVSub/gaa,VTI_am,waabandan,waaband,3PlObvHead,3PlObvSubj,0PlObj,Neu,Pos,gaa-waabandaminid,gaa-<<waaband>>aminid,NJ-zoom-2023Sep8; JDN-2010-MS-VTI-p27
VTI,Pcp/PVSub/gaa,VTI_i,miijin,miiji,3PlObvHead,3PlObvSubj,0PlObj,Neu,Pos,gaa-miijinid,gaa-<<miiji>>nid,JDN-2010-MS-VTI-p27
VTI,Pcp/PVSub/gaa,VTI_oo,wanitoon,wanit,3PlObvHead,3PlObvSubj,0PlObj,Neu,Pos,gaa-wanitoonid,gaa-<<wanit>>oonid,JDN-2010-MS-VTI-p27
VTI,Pcp/PVSub/gaa,VTI_aa,ayaan,ayaa,3PlObvHead,3PlObvSubj,0PlObj,Prt,Neg,MISSING,,
VTI,Pcp/PVSub/gaa,VTI_am,waabandan,waaband,3PlObvHead,3PlObvSubj,0PlObj,Prt,Neg,gaa-waabandanzinigoban,gaa-<<waaband>>anzinigoban,JDN-2010-MS-VTI-p32
VTI,Pcp/PVSub/gaa,VTI_i,miijin,miiji,3PlObvHead,3PlObvSubj,0PlObj,Prt,Neg,gaa-miijisinigoban,gaa-<<miiji>>sinigoban,JDN-2010-MS-VTI-p32
VTI,Pcp/PVSub/gaa,VTI_oo,wanitoon,wanit,3PlObvHead,3PlObvSubj,0PlObj,Prt,Neg,gaa-wanitoosinigoban,gaa-<<wanit>>oosinigoban,JDN-2010-MS-VTI-p32
VTI,Pcp/PVSub/gaa,VTI_aa,ayaan,ayaa,3PlObvHead,3PlObvSubj,0PlObj,Prt,Pos,MISSING,,
VTI,Pcp/PVSub/gaa,VTI_am,waabandan,waaband,3PlObvHead,3PlObvSubj,0PlObj,Prt,Pos,gaa-waabandaminipan,gaa-<<waaband>>aminipan,JDN-2010-MS-VTI-p31
VTI,Pcp/PVSub/gaa,VTI_i,miijin,miiji,3PlObvHead,3PlObvSubj,0PlObj,Prt,Pos,gaa-miijinipan,gaa-<<miiji>>nipan,JDN-2010-MS-VTI-p31
VTI,Pcp/PVSub/gaa,VTI_oo,wanitoon,wanit,3PlObvHead,3PlObvSubj,0PlObj,Prt,Pos,gaa-wanitoonipan,gaa-<<wanit>>oonipan,JDN-2010-MS-VTI-p31
VTI,Pcp/PVSub/gaa,VTI_aa,ayaan,ayaa,0PlHead,3PlProxSubj,0PlObj,Dub,Neg,gaa-ayaanziiwaagwen,gaa-<<ayaa>>nziiwaagwen,GUESS
VTI,Pcp/PVSub/gaa,VTI_am,waabandan,waaband,0PlHead,3PlProxSubj,0PlObj,Dub,Neg,gaa-waabandanziiwaagwen,gaa-<<waaband>>anziiwaagwen,JDN-2010-MS-VTI-p36
VTI,Pcp/PVSub/gaa,VTI_i,miijin,miiji,0PlHead,3PlProxSubj,0PlObj,Dub,Neg,gaa-miijisiiwaagwen,gaa-<<miiji>>siiwaagwen,JDN-2010-MS-VTI-p36
VTI,Pcp/PVSub/gaa,VTI_oo,wanitoon,wanit,0PlHead,3PlProxSubj,0PlObj,Dub,Neg,gaa-wanitoosiiwaagwen,gaa-<<wanit>>oosiiwaagwen,JDN-2010-MS-VTI-p36
VTI,Pcp/PVSub/gaa,VTI_aa,ayaan,ayaa,0PlHead,3PlProxSubj,0PlObj,Dub,Pos,MISSING,,
VTI,Pcp/PVSub/gaa,VTI_am,waabandan,waaband,0PlHead,3PlProxSubj,0PlObj,Dub,Pos,gaa-waabandamowaagwen,gaa-<<waaband>>amowaagwen,JDN-2010-MS-VTI-p35
VTI,Pcp/PVSub/gaa,VTI_i,miijin,miiji,0PlHead,3PlProxSubj,0PlObj,Dub,Pos,gaa-miijiwaagwen,gaa-<<miiji>>waagwen,JDN-2010-MS-VTI-p35
VTI,Pcp/PVSub/gaa,VTI_oo,wanitoon,wanit,0PlHead,3PlProxSubj,0PlObj,Dub,Pos,gaa-wanitoowaagwen,gaa-<<wanit>>oowaagwen,JDN-2010-MS-VTI-p35
VTI,Pcp/PVSub/gaa,VTI_aa,ayaan,ayaa,0PlHead,3PlProxSubj,0PlObj,DubPrt,Neg,MISSING,,
VTI,Pcp/PVSub/gaa,VTI_am,waabandan,waaband,0PlHead,3PlProxSubj,0PlObj,DubPrt,Neg,gaa-waabandanziiwaagobanen,gaa-<<waaband>>anziiwaagobanen,JDN-2010-MS-VTI-p40
VTI,Pcp/PVSub/gaa,VTI_i,miijin,miiji,0PlHead,3PlProxSubj,0PlObj,DubPrt,Neg,gaa-miijisiiwaagobanen,gaa-<<miiji>>siiwaagobanen,JDN-2010-MS-VTI-p40
VTI,Pcp/PVSub/gaa,VTI_oo,wanitoon,wanit,0PlHead,3PlProxSubj,0PlObj,DubPrt,Neg,gaa-wanitoosiiwaagobanen,gaa-<<wanit>>oosiiwaagobanen,JDN-2010-MS-VTI-p40
VTI,Pcp/PVSub/gaa,VTI_aa,ayaan,ayaa,0PlHead,3PlProxSubj,0PlObj,DubPrt,Pos,MISSING,,
VTI,Pcp/PVSub/gaa,VTI_am,waabandan,waaband,0PlHead,3PlProxSubj,0PlObj,DubPrt,Pos,gaa-waabandamowaagobanen,gaa-<<waaband>>amowaagobanen,JDN-2010-MS-VTI-p39
VTI,Pcp/PVSub/gaa,VTI_i,miijin,miiji,0PlHead,3PlProxSubj,0PlObj,DubPrt,Pos,gaa-miijiwaagobanen,gaa-<<miiji>>waagobanen,JDN-2010-MS-VTI-p39
VTI,Pcp/PVSub/gaa,VTI_oo,wanitoon,wanit,0PlHead,3PlProxSubj,0PlObj,DubPrt,Pos,gaa-wanitoowaagobanen,gaa-<<wanit>>oowaagobanen,JDN-2010-MS-VTI-p39
VTI,Pcp/PVSub/gaa,VTI_aa,ayaan,ayaa,0PlHead,3PlProxSubj,0PlObj,Neu,Neg,gaa-ayaanzigwaa,gaa-<<ayaa>>nzigwaa,JDN-2010-MS-VTI-p28
VTI,Pcp/PVSub/gaa,VTI_am,waabandan,waaband,0PlHead,3PlProxSubj,0PlObj,Neu,Neg,gaa-waabandanzigwaa,gaa-<<waaband>>anzigwaa,NJ-zoom-2023Sep8; JDN-2010-MS-VTI-p28
VTI,Pcp/PVSub/gaa,VTI_i,miijin,miiji,0PlHead,3PlProxSubj,0PlObj,Neu,Neg,gaa-miijisigwaa,gaa-<<miiji>>sigwaa,JDN-2010-MS-VTI-p28
VTI,Pcp/PVSub/gaa,VTI_oo,wanitoon,wanit,0PlHead,3PlProxSubj,0PlObj,Neu,Neg,gaa-wanitoosigwaa,gaa-<<wanit>>oosigwaa,JDN-2010-MS-VTI-p28
VTI,Pcp/PVSub/gaa,VTI_aa,ayaan,ayaa,0PlHead,3PlProxSubj,0PlObj,Neu,Pos,gaa-ayaamowaad,gaa-<<ayaa>>mowaad,JDN-2010-MS-VTI-p27
VTI,Pcp/PVSub/gaa,VTI_am,waabandan,waaband,0PlHead,3PlProxSubj,0PlObj,Neu,Pos,gaa-waabandamowaad,gaa-<<waaband>>amowaad,NJ-zoom-2023Sep8; JDN-2010-MS-VTI-p27
VTI,Pcp/PVSub/gaa,VTI_i,miijin,miiji,0PlHead,3PlProxSubj,0PlObj,Neu,Pos,gaa-miijiwaad,gaa-<<miiji>>waad,JDN-2010-MS-VTI-p27
VTI,Pcp/PVSub/gaa,VTI_oo,wanitoon,wanit,0PlHead,3PlProxSubj,0PlObj,Neu,Pos,gaa-wanitoowaad,gaa-<<wanit>>oowaad,JDN-2010-MS-VTI-p27
VTI,Pcp/PVSub/gaa,VTI_aa,ayaan,ayaa,0PlHead,3PlProxSubj,0PlObj,Prt,Neg,MISSING,,
VTI,Pcp/PVSub/gaa,VTI_am,waabandan,waaband,0PlHead,3PlProxSubj,0PlObj,Prt,Neg,gaa-waabandanzigwaaban,gaa-<<waaband>>anzigwaaban,JDN-2010-MS-VTI-p32
VTI,Pcp/PVSub/gaa,VTI_i,miijin,miiji,0PlHead,3PlProxSubj,0PlObj,Prt,Neg,gaa-miijisigwaaban,gaa-<<miiji>>sigwaaban,JDN-2010-MS-VTI-p32
VTI,Pcp/PVSub/gaa,VTI_oo,wanitoon,wanit,0PlHead,3PlProxSubj,0PlObj,Prt,Neg,gaa-wanitoosigwaaban,gaa-<<wanit>>oosigwaaban,JDN-2010-MS-VTI-p32
VTI,Pcp/PVSub/gaa,VTI_aa,ayaan,ayaa,0PlHead,3PlProxSubj,0PlObj,Prt,Pos,MISSING,,
VTI,Pcp/PVSub/gaa,VTI_am,waabandan,waaband,0PlHead,3PlProxSubj,0PlObj,Prt,Pos,gaa-waabandamowaapan,gaa-<<waaband>>amowaapan,JDN-2010-MS-VTI-p31
VTI,Pcp/PVSub/gaa,VTI_i,miijin,miiji,0PlHead,3PlProxSubj,0PlObj,Prt,Pos,gaa-miijiwaapan,gaa-<<miiji>>waapan,JDN-2010-MS-VTI-p31
VTI,Pcp/PVSub/gaa,VTI_oo,wanitoon,wanit,0PlHead,3PlProxSubj,0PlObj,Prt,Pos,gaa-wanitoowaapan,gaa-<<wanit>>oowaapan,JDN-2010-MS-VTI-p31
VTI,Pcp/PVSub/gaa,VTI_aa,ayaan,ayaa,3PlProxHead,3PlProxSubj,0PlObj,Dub,Neg,gaa-ayaanziiwaagwen,gaa-<<ayaa>>nziiwaagwen,GUESS
VTI,Pcp/PVSub/gaa,VTI_am,waabandan,waaband,3PlProxHead,3PlProxSubj,0PlObj,Dub,Neg,gaa-waabandanziiwaagwen,gaa-<<waaband>>anziiwaagwen,JDN-2010-MS-VTI-p36
VTI,Pcp/PVSub/gaa,VTI_i,miijin,miiji,3PlProxHead,3PlProxSubj,0PlObj,Dub,Neg,gaa-miijisiiwaagwen,gaa-<<miiji>>siiwaagwen,JDN-2010-MS-VTI-p36
VTI,Pcp/PVSub/gaa,VTI_oo,wanitoon,wanit,3PlProxHead,3PlProxSubj,0PlObj,Dub,Neg,gaa-wanitoosiiwaagwen,gaa-<<wanit>>oosiiwaagwen,JDN-2010-MS-VTI-p36
VTI,Pcp/PVSub/gaa,VTI_aa,ayaan,ayaa,3PlProxHead,3PlProxSubj,0PlObj,Dub,Pos,MISSING,,
VTI,Pcp/PVSub/gaa,VTI_am,waabandan,waaband,3PlProxHead,3PlProxSubj,0PlObj,Dub,Pos,gaa-waabandamowaagwen,gaa-<<waaband>>amowaagwen,JDN-2010-MS-VTI-p35
VTI,Pcp/PVSub/gaa,VTI_i,miijin,miiji,3PlProxHead,3PlProxSubj,0PlObj,Dub,Pos,gaa-miijiwaagwen,gaa-<<miiji>>waagwen,JDN-2010-MS-VTI-p35
VTI,Pcp/PVSub/gaa,VTI_oo,wanitoon,wanit,3PlProxHead,3PlProxSubj,0PlObj,Dub,Pos,gaa-wanitoowaagwen,gaa-<<wanit>>oowaagwen,JDN-2010-MS-VTI-p35
VTI,Pcp/PVSub/gaa,VTI_aa,ayaan,ayaa,3PlProxHead,3PlProxSubj,0PlObj,DubPrt,Neg,MISSING,,
VTI,Pcp/PVSub/gaa,VTI_am,waabandan,waaband,3PlProxHead,3PlProxSubj,0PlObj,DubPrt,Neg,gaa-waabandanziiwaagobanen,gaa-<<waaband>>anziiwaagobanen,JDN-2010-MS-VTI-p40
VTI,Pcp/PVSub/gaa,VTI_i,miijin,miiji,3PlProxHead,3PlProxSubj,0PlObj,DubPrt,Neg,gaa-miijisiiwaagobanen,gaa-<<miiji>>siiwaagobanen,JDN-2010-MS-VTI-p40
VTI,Pcp/PVSub/gaa,VTI_oo,wanitoon,wanit,3PlProxHead,3PlProxSubj,0PlObj,DubPrt,Neg,gaa-wanitoosiiwaagobanen,gaa-<<wanit>>oosiiwaagobanen,JDN-2010-MS-VTI-p40
VTI,Pcp/PVSub/gaa,VTI_aa,ayaan,ayaa,3PlProxHead,3PlProxSubj,0PlObj,DubPrt,Pos,MISSING,,
VTI,Pcp/PVSub/gaa,VTI_am,waabandan,waaband,3PlProxHead,3PlProxSubj,0PlObj,DubPrt,Pos,gaa-waabandamowaagobanen,gaa-<<waaband>>amowaagobanen,JDN-2010-MS-VTI-p39
VTI,Pcp/PVSub/gaa,VTI_i,miijin,miiji,3PlProxHead,3PlProxSubj,0PlObj,DubPrt,Pos,gaa-miijiwaagobanen,gaa-<<miiji>>waagobanen,JDN-2010-MS-VTI-p39
VTI,Pcp/PVSub/gaa,VTI_oo,wanitoon,wanit,3PlProxHead,3PlProxSubj,0PlObj,DubPrt,Pos,gaa-wanitoowaagobanen,gaa-<<wanit>>oowaagobanen,JDN-2010-MS-VTI-p39
VTI,Pcp/PVSub/gaa,VTI_aa,ayaan,ayaa,3PlProxHead,3PlProxSubj,0PlObj,Neu,Neg,gaa-ayaanzigwaa,gaa-<<ayaa>>nzigwaa,JDN-2010-MS-VTI-p28
VTI,Pcp/PVSub/gaa,VTI_am,waabandan,waaband,3PlProxHead,3PlProxSubj,0PlObj,Neu,Neg,gaa-waabandanzigwaa,gaa-<<waaband>>anzigwaa,NJ-zoom-2023Sep8; JDN-2010-MS-VTI-p28
VTI,Pcp/PVSub/gaa,VTI_i,miijin,miiji,3PlProxHead,3PlProxSubj,0PlObj,Neu,Neg,gaa-miijisigwaa,gaa-<<miiji>>sigwaa,JDN-2010-MS-VTI-p28
VTI,Pcp/PVSub/gaa,VTI_oo,wanitoon,wanit,3PlProxHead,3PlProxSubj,0PlObj,Neu,Neg,gaa-wanitoosigwaa,gaa-<<wanit>>oosigwaa,JDN-2010-MS-VTI-p28
VTI,Pcp/PVSub/gaa,VTI_aa,ayaan,ayaa,3PlProxHead,3PlProxSubj,0PlObj,Neu,Pos,gaa-ayaamowaad,gaa-<<ayaa>>mowaad,JDN-2010-MS-VTI-p27
VTI,Pcp/PVSub/gaa,VTI_am,waabandan,waaband,3PlProxHead,3PlProxSubj,0PlObj,Neu,Pos,gaa-waabandamowaad,gaa-<<waaband>>amowaad,NJ-zoom-2023Sep8; JDN-2010-MS-VTI-p27
VTI,Pcp/PVSub/gaa,VTI_i,miijin,miiji,3PlProxHead,3PlProxSubj,0PlObj,Neu,Pos,gaa-miijiwaad,gaa-<<miiji>>waad,JDN-2010-MS-VTI-p27
VTI,Pcp/PVSub/gaa,VTI_oo,wanitoon,wanit,3PlProxHead,3PlProxSubj,0PlObj,Neu,Pos,gaa-wanitoowaad,gaa-<<wanit>>oowaad,JDN-2010-MS-VTI-p27
VTI,Pcp/PVSub/gaa,VTI_aa,ayaan,ayaa,3PlProxHead,3PlProxSubj,0PlObj,Prt,Neg,MISSING,,
VTI,Pcp/PVSub/gaa,VTI_am,waabandan,waaband,3PlProxHead,3PlProxSubj,0PlObj,Prt,Neg,gaa-waabandanzigwaaban,gaa-<<waaband>>anzigwaaban,JDN-2010-MS-VTI-p32
VTI,Pcp/PVSub/gaa,VTI_i,miijin,miiji,3PlProxHead,3PlProxSubj,0PlObj,Prt,Neg,gaa-miijisigwaaban,gaa-<<miiji>>sigwaaban,JDN-2010-MS-VTI-p32
VTI,Pcp/PVSub/gaa,VTI_oo,wanitoon,wanit,3PlProxHead,3PlProxSubj,0PlObj,Prt,Neg,gaa-wanitoosigwaaban,gaa-<<wanit>>oosigwaaban,JDN-2010-MS-VTI-p32
VTI,Pcp/PVSub/gaa,VTI_aa,ayaan,ayaa,3PlProxHead,3PlProxSubj,0PlObj,Prt,Pos,MISSING,,
VTI,Pcp/PVSub/gaa,VTI_am,waabandan,waaband,3PlProxHead,3PlProxSubj,0PlObj,Prt,Pos,gaa-waabandamowaapan,gaa-<<waaband>>amowaapan,JDN-2010-MS-VTI-p31
VTI,Pcp/PVSub/gaa,VTI_i,miijin,miiji,3PlProxHead,3PlProxSubj,0PlObj,Prt,Pos,gaa-miijiwaapan,gaa-<<miiji>>waapan,JDN-2010-MS-VTI-p31
VTI,Pcp/PVSub/gaa,VTI_oo,wanitoon,wanit,3PlProxHead,3PlProxSubj,0PlObj,Prt,Pos,gaa-wanitoowaapan,gaa-<<wanit>>oowaapan,JDN-2010-MS-VTI-p31
VTI,Pcp/PVSub/gaa,VTI_aa,ayaan,ayaa,0PlHead,3SgObvSubj,0PlObj,Dub,Neg,gaa-ayaanziinigwen,gaa-<<ayaa>>nziinigwen,GUESS
VTI,Pcp/PVSub/gaa,VTI_am,waabandan,waaband,0PlHead,3SgObvSubj,0PlObj,Dub,Neg,gaa-waabandanziinigwen,gaa-<<waaband>>anziinigwen,JDN-2010-MS-VTI-p36
VTI,Pcp/PVSub/gaa,VTI_i,miijin,miiji,0PlHead,3SgObvSubj,0PlObj,Dub,Neg,gaa-miijisiinigwen,gaa-<<miiji>>siinigwen,JDN-2010-MS-VTI-p36
VTI,Pcp/PVSub/gaa,VTI_oo,wanitoon,wanit,0PlHead,3SgObvSubj,0PlObj,Dub,Neg,gaa-wanitoosiinigwen,gaa-<<wanit>>oosiinigwen,JDN-2010-MS-VTI-p36
VTI,Pcp/PVSub/gaa,VTI_aa,ayaan,ayaa,0PlHead,3SgObvSubj,0PlObj,Dub,Pos,MISSING,,
VTI,Pcp/PVSub/gaa,VTI_am,waabandan,waaband,0PlHead,3SgObvSubj,0PlObj,Dub,Pos,gaa-waabandaminigwen,gaa-<<waaband>>aminigwen,JDN-2010-MS-VTI-p35
VTI,Pcp/PVSub/gaa,VTI_i,miijin,miiji,0PlHead,3SgObvSubj,0PlObj,Dub,Pos,gaa-miijinigwen,gaa-<<miiji>>nigwen,JDN-2010-MS-VTI-p35
VTI,Pcp/PVSub/gaa,VTI_oo,wanitoon,wanit,0PlHead,3SgObvSubj,0PlObj,Dub,Pos,gaa-wanitoonigwen,gaa-<<wanit>>oonigwen,JDN-2010-MS-VTI-p35
VTI,Pcp/PVSub/gaa,VTI_aa,ayaan,ayaa,0PlHead,3SgObvSubj,0PlObj,DubPrt,Neg,MISSING,,
VTI,Pcp/PVSub/gaa,VTI_am,waabandan,waaband,0PlHead,3SgObvSubj,0PlObj,DubPrt,Neg,gaa-waabandanziinigobanen,gaa-<<waaband>>anziinigobanen,JDN-2010-MS-VTI-p40
VTI,Pcp/PVSub/gaa,VTI_i,miijin,miiji,0PlHead,3SgObvSubj,0PlObj,DubPrt,Neg,gaa-miijisiinigobanen,gaa-<<miiji>>siinigobanen,JDN-2010-MS-VTI-p40
VTI,Pcp/PVSub/gaa,VTI_oo,wanitoon,wanit,0PlHead,3SgObvSubj,0PlObj,DubPrt,Neg,gaa-wanitoosiinigobanen,gaa-<<wanit>>oosiinigobanen,JDN-2010-MS-VTI-p40
VTI,Pcp/PVSub/gaa,VTI_aa,ayaan,ayaa,0PlHead,3SgObvSubj,0PlObj,DubPrt,Pos,MISSING,,
VTI,Pcp/PVSub/gaa,VTI_am,waabandan,waaband,0PlHead,3SgObvSubj,0PlObj,DubPrt,Pos,gaa-waabandaminigobanen,gaa-<<waaband>>aminigobanen,JDN-2010-MS-VTI-p39
VTI,Pcp/PVSub/gaa,VTI_i,miijin,miiji,0PlHead,3SgObvSubj,0PlObj,DubPrt,Pos,gaa-miijinigobanen,gaa-<<miiji>>nigobanen,JDN-2010-MS-VTI-p39
VTI,Pcp/PVSub/gaa,VTI_oo,wanitoon,wanit,0PlHead,3SgObvSubj,0PlObj,DubPrt,Pos,gaa-wanitoonigobanen,gaa-<<wanit>>oonigobanen,JDN-2010-MS-VTI-p39
VTI,Pcp/PVSub/gaa,VTI_aa,ayaan,ayaa,0PlHead,3SgObvSubj,0PlObj,Neu,Neg,gaa-ayaanzinig,gaa-<<ayaa>>nzinig,JDN-2010-MS-VTI-p28
VTI,Pcp/PVSub/gaa,VTI_am,waabandan,waaband,0PlHead,3SgObvSubj,0PlObj,Neu,Neg,gaa-waabandanzinig,gaa-<<waaband>>anzinig,NJ-zoom-2023Sep8; JDN-2010-MS-VTI-p28
VTI,Pcp/PVSub/gaa,VTI_i,miijin,miiji,0PlHead,3SgObvSubj,0PlObj,Neu,Neg,gaa-miijisinig,gaa-<<miiji>>sinig,JDN-2010-MS-VTI-p28
VTI,Pcp/PVSub/gaa,VTI_oo,wanitoon,wanit,0PlHead,3SgObvSubj,0PlObj,Neu,Neg,gaa-wanitoosinig,gaa-<<wanit>>oosinig,JDN-2010-MS-VTI-p28
VTI,Pcp/PVSub/gaa,VTI_aa,ayaan,ayaa,0PlHead,3SgObvSubj,0PlObj,Neu,Pos,gaa-ayaaminid,gaa-<<ayaa>>minid,JDN-2010-MS-VTI-p27
VTI,Pcp/PVSub/gaa,VTI_am,waabandan,waaband,0PlHead,3SgObvSubj,0PlObj,Neu,Pos,gaa-waabandaminid,gaa-<<waaband>>aminid,NJ-zoom-2023Sep8; JDN-2010-MS-VTI-p27
VTI,Pcp/PVSub/gaa,VTI_i,miijin,miiji,0PlHead,3SgObvSubj,0PlObj,Neu,Pos,gaa-miijinid,gaa-<<miiji>>nid,JDN-2010-MS-VTI-p27
VTI,Pcp/PVSub/gaa,VTI_oo,wanitoon,wanit,0PlHead,3SgObvSubj,0PlObj,Neu,Pos,gaa-wanitoonid,gaa-<<wanit>>oonid,JDN-2010-MS-VTI-p27
VTI,Pcp/PVSub/gaa,VTI_aa,ayaan,ayaa,0PlHead,3SgObvSubj,0PlObj,Prt,Neg,MISSING,,
VTI,Pcp/PVSub/gaa,VTI_am,waabandan,waaband,0PlHead,3SgObvSubj,0PlObj,Prt,Neg,gaa-waabandanzinigoban,gaa-<<waaband>>anzinigoban,JDN-2010-MS-VTI-p32
VTI,Pcp/PVSub/gaa,VTI_i,miijin,miiji,0PlHead,3SgObvSubj,0PlObj,Prt,Neg,gaa-miijisinigoban,gaa-<<miiji>>sinigoban,JDN-2010-MS-VTI-p32
VTI,Pcp/PVSub/gaa,VTI_oo,wanitoon,wanit,0PlHead,3SgObvSubj,0PlObj,Prt,Neg,gaa-wanitoosinigoban,gaa-<<wanit>>oosinigoban,JDN-2010-MS-VTI-p32
VTI,Pcp/PVSub/gaa,VTI_aa,ayaan,ayaa,0PlHead,3SgObvSubj,0PlObj,Prt,Pos,MISSING,,
VTI,Pcp/PVSub/gaa,VTI_am,waabandan,waaband,0PlHead,3SgObvSubj,0PlObj,Prt,Pos,gaa-waabandaminipan,gaa-<<waaband>>aminipan,JDN-2010-MS-VTI-p31
VTI,Pcp/PVSub/gaa,VTI_i,miijin,miiji,0PlHead,3SgObvSubj,0PlObj,Prt,Pos,gaa-miijinipan,gaa-<<miiji>>nipan,JDN-2010-MS-VTI-p31
VTI,Pcp/PVSub/gaa,VTI_oo,wanitoon,wanit,0PlHead,3SgObvSubj,0PlObj,Prt,Pos,gaa-wanitoonipan,gaa-<<wanit>>oonipan,JDN-2010-MS-VTI-p31
VTI,Pcp/PVSub/gaa,VTI_aa,ayaan,ayaa,3SgObvHead,3SgObvSubj,0PlObj,Dub,Neg,gaa-ayaanziinigwen,gaa-<<ayaa>>nziinigwen,GUESS
VTI,Pcp/PVSub/gaa,VTI_am,waabandan,waaband,3SgObvHead,3SgObvSubj,0PlObj,Dub,Neg,gaa-waabandanziinigwen,gaa-<<waaband>>anziinigwen,JDN-2010-MS-VTI-p36
VTI,Pcp/PVSub/gaa,VTI_i,miijin,miiji,3SgObvHead,3SgObvSubj,0PlObj,Dub,Neg,gaa-miijisiinigwen,gaa-<<miiji>>siinigwen,JDN-2010-MS-VTI-p36
VTI,Pcp/PVSub/gaa,VTI_oo,wanitoon,wanit,3SgObvHead,3SgObvSubj,0PlObj,Dub,Neg,gaa-wanitoosiinigwen,gaa-<<wanit>>oosiinigwen,JDN-2010-MS-VTI-p36
VTI,Pcp/PVSub/gaa,VTI_aa,ayaan,ayaa,3SgObvHead,3SgObvSubj,0PlObj,Dub,Pos,MISSING,,
VTI,Pcp/PVSub/gaa,VTI_am,waabandan,waaband,3SgObvHead,3SgObvSubj,0PlObj,Dub,Pos,gaa-waabandaminigwen,gaa-<<waaband>>aminigwen,JDN-2010-MS-VTI-p35
VTI,Pcp/PVSub/gaa,VTI_i,miijin,miiji,3SgObvHead,3SgObvSubj,0PlObj,Dub,Pos,gaa-miijinigwen,gaa-<<miiji>>nigwen,JDN-2010-MS-VTI-p35
VTI,Pcp/PVSub/gaa,VTI_oo,wanitoon,wanit,3SgObvHead,3SgObvSubj,0PlObj,Dub,Pos,gaa-wanitoonigwen,gaa-<<wanit>>oonigwen,JDN-2010-MS-VTI-p35
VTI,Pcp/PVSub/gaa,VTI_aa,ayaan,ayaa,3SgObvHead,3SgObvSubj,0PlObj,DubPrt,Neg,MISSING,,
VTI,Pcp/PVSub/gaa,VTI_am,waabandan,waaband,3SgObvHead,3SgObvSubj,0PlObj,DubPrt,Neg,gaa-waabandanziinigobanen,gaa-<<waaband>>anziinigobanen,JDN-2010-MS-VTI-p40
VTI,Pcp/PVSub/gaa,VTI_i,miijin,miiji,3SgObvHead,3SgObvSubj,0PlObj,DubPrt,Neg,gaa-miijisiinigobanen,gaa-<<miiji>>siinigobanen,JDN-2010-MS-VTI-p40
VTI,Pcp/PVSub/gaa,VTI_oo,wanitoon,wanit,3SgObvHead,3SgObvSubj,0PlObj,DubPrt,Neg,gaa-wanitoosiinigobanen,gaa-<<wanit>>oosiinigobanen,JDN-2010-MS-VTI-p40
VTI,Pcp/PVSub/gaa,VTI_aa,ayaan,ayaa,3SgObvHead,3SgObvSubj,0PlObj,DubPrt,Pos,MISSING,,
VTI,Pcp/PVSub/gaa,VTI_am,waabandan,waaband,3SgObvHead,3SgObvSubj,0PlObj,DubPrt,Pos,gaa-waabandaminigobanen,gaa-<<waaband>>aminigobanen,JDN-2010-MS-VTI-p39
VTI,Pcp/PVSub/gaa,VTI_i,miijin,miiji,3SgObvHead,3SgObvSubj,0PlObj,DubPrt,Pos,gaa-miijinigobanen,gaa-<<miiji>>nigobanen,JDN-2010-MS-VTI-p39
VTI,Pcp/PVSub/gaa,VTI_oo,wanitoon,wanit,3SgObvHead,3SgObvSubj,0PlObj,DubPrt,Pos,gaa-wanitoonigobanen,gaa-<<wanit>>oonigobanen,JDN-2010-MS-VTI-p39
VTI,Pcp/PVSub/gaa,VTI_aa,ayaan,ayaa,3SgObvHead,3SgObvSubj,0PlObj,Neu,Neg,gaa-ayaanzinig,gaa-<<ayaa>>nzinig,JDN-2010-MS-VTI-p28
VTI,Pcp/PVSub/gaa,VTI_am,waabandan,waaband,3SgObvHead,3SgObvSubj,0PlObj,Neu,Neg,gaa-waabandanzinig,gaa-<<waaband>>anzinig,NJ-zoom-2023Sep8; JDN-2010-MS-VTI-p28
VTI,Pcp/PVSub/gaa,VTI_i,miijin,miiji,3SgObvHead,3SgObvSubj,0PlObj,Neu,Neg,gaa-miijisinig,gaa-<<miiji>>sinig,JDN-2010-MS-VTI-p28
VTI,Pcp/PVSub/gaa,VTI_oo,wanitoon,wanit,3SgObvHead,3SgObvSubj,0PlObj,Neu,Neg,gaa-wanitoosinig,gaa-<<wanit>>oosinig,JDN-2010-MS-VTI-p28
VTI,Pcp/PVSub/gaa,VTI_aa,ayaan,ayaa,3SgObvHead,3SgObvSubj,0PlObj,Neu,Pos,gaa-ayaaminid,gaa-<<ayaa>>minid,JDN-2010-MS-VTI-p27
VTI,Pcp/PVSub/gaa,VTI_am,waabandan,waaband,3SgObvHead,3SgObvSubj,0PlObj,Neu,Pos,gaa-waabandaminid,gaa-<<waaband>>aminid,NJ-zoom-2023Sep8; JDN-2010-MS-VTI-p27
VTI,Pcp/PVSub/gaa,VTI_i,miijin,miiji,3SgObvHead,3SgObvSubj,0PlObj,Neu,Pos,gaa-miijinid,gaa-<<miiji>>nid,JDN-2010-MS-VTI-p27
VTI,Pcp/PVSub/gaa,VTI_oo,wanitoon,wanit,3SgObvHead,3SgObvSubj,0PlObj,Neu,Pos,gaa-wanitoonid,gaa-<<wanit>>oonid,JDN-2010-MS-VTI-p27
VTI,Pcp/PVSub/gaa,VTI_aa,ayaan,ayaa,3SgObvHead,3SgObvSubj,0PlObj,Prt,Neg,MISSING,,
VTI,Pcp/PVSub/gaa,VTI_am,waabandan,waaband,3SgObvHead,3SgObvSubj,0PlObj,Prt,Neg,gaa-waabandanzinigoban,gaa-<<waaband>>anzinigoban,JDN-2010-MS-VTI-p32
VTI,Pcp/PVSub/gaa,VTI_i,miijin,miiji,3SgObvHead,3SgObvSubj,0PlObj,Prt,Neg,gaa-miijisinigoban,gaa-<<miiji>>sinigoban,JDN-2010-MS-VTI-p32
VTI,Pcp/PVSub/gaa,VTI_oo,wanitoon,wanit,3SgObvHead,3SgObvSubj,0PlObj,Prt,Neg,gaa-wanitoosinigoban,gaa-<<wanit>>oosinigoban,JDN-2010-MS-VTI-p32
VTI,Pcp/PVSub/gaa,VTI_aa,ayaan,ayaa,3SgObvHead,3SgObvSubj,0PlObj,Prt,Pos,MISSING,,
VTI,Pcp/PVSub/gaa,VTI_am,waabandan,waaband,3SgObvHead,3SgObvSubj,0PlObj,Prt,Pos,gaa-waabandaminipan,gaa-<<waaband>>aminipan,JDN-2010-MS-VTI-p31
VTI,Pcp/PVSub/gaa,VTI_i,miijin,miiji,3SgObvHead,3SgObvSubj,0PlObj,Prt,Pos,gaa-miijinipan,gaa-<<miiji>>nipan,JDN-2010-MS-VTI-p31
VTI,Pcp/PVSub/gaa,VTI_oo,wanitoon,wanit,3SgObvHead,3SgObvSubj,0PlObj,Prt,Pos,gaa-wanitoonipan,gaa-<<wanit>>oonipan,JDN-2010-MS-VTI-p31
VTI,Pcp/PVSub/gaa,VTI_aa,ayaan,ayaa,0PlHead,3SgProxSubj,0PlObj,Dub,Neg,gaa-ayaanziigwen,gaa-<<ayaa>>nziigwen,GUESS
VTI,Pcp/PVSub/gaa,VTI_am,waabandan,waaband,0PlHead,3SgProxSubj,0PlObj,Dub,Neg,gaa-waabandanziigwen,gaa-<<waaband>>anziigwen,JDN-2010-MS-VTI-p36
VTI,Pcp/PVSub/gaa,VTI_i,miijin,miiji,0PlHead,3SgProxSubj,0PlObj,Dub,Neg,gaa-miijisiigwen,gaa-<<miiji>>siigwen,JDN-2010-MS-VTI-p36
VTI,Pcp/PVSub/gaa,VTI_oo,wanitoon,wanit,0PlHead,3SgProxSubj,0PlObj,Dub,Neg,gaa-wanitoosiigwen,gaa-<<wanit>>oosiigwen,JDN-2010-MS-VTI-p36
VTI,Pcp/PVSub/gaa,VTI_aa,ayaan,ayaa,0PlHead,3SgProxSubj,0PlObj,Dub,Pos,MISSING,,
VTI,Pcp/PVSub/gaa,VTI_am,waabandan,waaband,0PlHead,3SgProxSubj,0PlObj,Dub,Pos,gaa-waabandamogwen,gaa-<<waaband>>amogwen,JDN-2010-MS-VTI-p35
VTI,Pcp/PVSub/gaa,VTI_i,miijin,miiji,0PlHead,3SgProxSubj,0PlObj,Dub,Pos,gaa-miijigwen,gaa-<<miiji>>gwen,JDN-2010-MS-VTI-p35
VTI,Pcp/PVSub/gaa,VTI_oo,wanitoon,wanit,0PlHead,3SgProxSubj,0PlObj,Dub,Pos,gaa-wanitoogwen,gaa-<<wanit>>oogwen,JDN-2010-MS-VTI-p35
VTI,Pcp/PVSub/gaa,VTI_aa,ayaan,ayaa,0PlHead,3SgProxSubj,0PlObj,DubPrt,Neg,MISSING,,
VTI,Pcp/PVSub/gaa,VTI_am,waabandan,waaband,0PlHead,3SgProxSubj,0PlObj,DubPrt,Neg,gaa-waabandanziigobanen,gaa-<<waaband>>anziigobanen,JDN-2010-MS-VTI-p40
VTI,Pcp/PVSub/gaa,VTI_i,miijin,miiji,0PlHead,3SgProxSubj,0PlObj,DubPrt,Neg,gaa-miijisiigobanen,gaa-<<miiji>>siigobanen,JDN-2010-MS-VTI-p40
VTI,Pcp/PVSub/gaa,VTI_oo,wanitoon,wanit,0PlHead,3SgProxSubj,0PlObj,DubPrt,Neg,gaa-wanitoosiigobanen,gaa-<<wanit>>oosiigobanen,JDN-2010-MS-VTI-p40
VTI,Pcp/PVSub/gaa,VTI_aa,ayaan,ayaa,0PlHead,3SgProxSubj,0PlObj,DubPrt,Pos,MISSING,,
VTI,Pcp/PVSub/gaa,VTI_am,waabandan,waaband,0PlHead,3SgProxSubj,0PlObj,DubPrt,Pos,gaa-waabandamogobanen,gaa-<<waaband>>amogobanen,JDN-2010-MS-VTI-p39
VTI,Pcp/PVSub/gaa,VTI_i,miijin,miiji,0PlHead,3SgProxSubj,0PlObj,DubPrt,Pos,gaa-miijigobanen,gaa-<<miiji>>gobanen,JDN-2010-MS-VTI-p39
VTI,Pcp/PVSub/gaa,VTI_oo,wanitoon,wanit,0PlHead,3SgProxSubj,0PlObj,DubPrt,Pos,gaa-wanitoogobanen,gaa-<<wanit>>oogobanen,JDN-2010-MS-VTI-p39
VTI,Pcp/PVSub/gaa,VTI_aa,ayaan,ayaa,0PlHead,3SgProxSubj,0PlObj,Neu,Neg,gaa-ayaanzig,gaa-<<ayaa>>nzig,JDN-2010-MS-VTI-p28
VTI,Pcp/PVSub/gaa,VTI_am,waabandan,waaband,0PlHead,3SgProxSubj,0PlObj,Neu,Neg,gaa-waabandanzig,gaa-<<waaband>>anzig,NJ-zoom-2023Sep8; JDN-2010-MS-VTI-p28
VTI,Pcp/PVSub/gaa,VTI_i,miijin,miiji,0PlHead,3SgProxSubj,0PlObj,Neu,Neg,gaa-miijisig,gaa-<<miiji>>sig,JDN-2010-MS-VTI-p28
VTI,Pcp/PVSub/gaa,VTI_oo,wanitoon,wanit,0PlHead,3SgProxSubj,0PlObj,Neu,Neg,gaa-wanitoosig,gaa-<<wanit>>oosig,JDN-2010-MS-VTI-p28
VTI,Pcp/PVSub/gaa,VTI_aa,ayaan,ayaa,0PlHead,3SgProxSubj,0PlObj,Neu,Pos,gaa-ayaang,gaa-<<ayaa>>ng,JDN-2010-MS-VTI-p27
VTI,Pcp/PVSub/gaa,VTI_am,waabandan,waaband,0PlHead,3SgProxSubj,0PlObj,Neu,Pos,gaa-waabandang,gaa-<<waaband>>ang,NJ-zoom-2023Sep8; JDN-2010-MS-VTI-p27
VTI,Pcp/PVSub/gaa,VTI_i,miijin,miiji,0PlHead,3SgProxSubj,0PlObj,Neu,Pos,gaa-miijid,gaa-<<miiji>>d,JDN-2010-MS-VTI-p27
VTI,Pcp/PVSub/gaa,VTI_oo,wanitoon,wanit,0PlHead,3SgProxSubj,0PlObj,Neu,Pos,gaa-wanitood,gaa-<<wanit>>ood,JDN-2010-MS-VTI-p27
VTI,Pcp/PVSub/gaa,VTI_aa,ayaan,ayaa,0PlHead,3SgProxSubj,0PlObj,Prt,Neg,MISSING,,
VTI,Pcp/PVSub/gaa,VTI_am,waabandan,waaband,0PlHead,3SgProxSubj,0PlObj,Prt,Neg,gaa-waabandanzigoban,gaa-<<waaband>>anzigoban,JDN-2010-MS-VTI-p32
VTI,Pcp/PVSub/gaa,VTI_i,miijin,miiji,0PlHead,3SgProxSubj,0PlObj,Prt,Neg,gaa-miijisigoban,gaa-<<miiji>>sigoban,JDN-2010-MS-VTI-p32
VTI,Pcp/PVSub/gaa,VTI_oo,wanitoon,wanit,0PlHead,3SgProxSubj,0PlObj,Prt,Neg,gaa-wanitoosigoban,gaa-<<wanit>>oosigoban,JDN-2010-MS-VTI-p32
VTI,Pcp/PVSub/gaa,VTI_aa,ayaan,ayaa,0PlHead,3SgProxSubj,0PlObj,Prt,Pos,MISSING,,
VTI,Pcp/PVSub/gaa,VTI_am,waabandan,waaband,0PlHead,3SgProxSubj,0PlObj,Prt,Pos,gaa-waabandangiban,gaa-<<waaband>>angiban,JDN-2010-MS-VTI-p31
VTI,Pcp/PVSub/gaa,VTI_i,miijin,miiji,0PlHead,3SgProxSubj,0PlObj,Prt,Pos,gaa-miijipan,gaa-<<miiji>>pan,JDN-2010-MS-VTI-p31
VTI,Pcp/PVSub/gaa,VTI_oo,wanitoon,wanit,0PlHead,3SgProxSubj,0PlObj,Prt,Pos,gaa-wanitoopan,gaa-<<wanit>>oopan,JDN-2010-MS-VTI-p31
VTI,Pcp/PVSub/gaa,VTI_aa,ayaan,ayaa,3SgProxHead,3SgProxSubj,0PlObj,Dub,Neg,gaa-ayaanziigwen,gaa-<<ayaa>>nziigwen,GUESS
VTI,Pcp/PVSub/gaa,VTI_am,waabandan,waaband,3SgProxHead,3SgProxSubj,0PlObj,Dub,Neg,gaa-waabandanziigwen,gaa-<<waaband>>anziigwen,JDN-2010-MS-VTI-p36
VTI,Pcp/PVSub/gaa,VTI_i,miijin,miiji,3SgProxHead,3SgProxSubj,0PlObj,Dub,Neg,gaa-miijisiigwen,gaa-<<miiji>>siigwen,JDN-2010-MS-VTI-p36
VTI,Pcp/PVSub/gaa,VTI_oo,wanitoon,wanit,3SgProxHead,3SgProxSubj,0PlObj,Dub,Neg,gaa-wanitoosiigwen,gaa-<<wanit>>oosiigwen,JDN-2010-MS-VTI-p36
VTI,Pcp/PVSub/gaa,VTI_aa,ayaan,ayaa,3SgProxHead,3SgProxSubj,0PlObj,Dub,Pos,MISSING,,
VTI,Pcp/PVSub/gaa,VTI_am,waabandan,waaband,3SgProxHead,3SgProxSubj,0PlObj,Dub,Pos,gaa-waabandamogwen,gaa-<<waaband>>amogwen,JDN-2010-MS-VTI-p35
VTI,Pcp/PVSub/gaa,VTI_i,miijin,miiji,3SgProxHead,3SgProxSubj,0PlObj,Dub,Pos,gaa-miijigwen,gaa-<<miiji>>gwen,JDN-2010-MS-VTI-p35
VTI,Pcp/PVSub/gaa,VTI_oo,wanitoon,wanit,3SgProxHead,3SgProxSubj,0PlObj,Dub,Pos,gaa-wanitoogwen,gaa-<<wanit>>oogwen,JDN-2010-MS-VTI-p35
VTI,Pcp/PVSub/gaa,VTI_aa,ayaan,ayaa,3SgProxHead,3SgProxSubj,0PlObj,DubPrt,Neg,MISSING,,
VTI,Pcp/PVSub/gaa,VTI_am,waabandan,waaband,3SgProxHead,3SgProxSubj,0PlObj,DubPrt,Neg,gaa-waabandanziigobanen,gaa-<<waaband>>anziigobanen,JDN-2010-MS-VTI-p40
VTI,Pcp/PVSub/gaa,VTI_i,miijin,miiji,3SgProxHead,3SgProxSubj,0PlObj,DubPrt,Neg,gaa-miijisiigobanen,gaa-<<miiji>>siigobanen,JDN-2010-MS-VTI-p40
VTI,Pcp/PVSub/gaa,VTI_oo,wanitoon,wanit,3SgProxHead,3SgProxSubj,0PlObj,DubPrt,Neg,gaa-wanitoosiigobanen,gaa-<<wanit>>oosiigobanen,JDN-2010-MS-VTI-p40
VTI,Pcp/PVSub/gaa,VTI_aa,ayaan,ayaa,3SgProxHead,3SgProxSubj,0PlObj,DubPrt,Pos,MISSING,,
VTI,Pcp/PVSub/gaa,VTI_am,waabandan,waaband,3SgProxHead,3SgProxSubj,0PlObj,DubPrt,Pos,gaa-waabandamogobanen,gaa-<<waaband>>amogobanen,JDN-2010-MS-VTI-p39
VTI,Pcp/PVSub/gaa,VTI_i,miijin,miiji,3SgProxHead,3SgProxSubj,0PlObj,DubPrt,Pos,gaa-miijigobanen,gaa-<<miiji>>gobanen,JDN-2010-MS-VTI-p39
VTI,Pcp/PVSub/gaa,VTI_oo,wanitoon,wanit,3SgProxHead,3SgProxSubj,0PlObj,DubPrt,Pos,gaa-wanitoogobanen,gaa-<<wanit>>oogobanen,JDN-2010-MS-VTI-p39
VTI,Pcp/PVSub/gaa,VTI_aa,ayaan,ayaa,3SgProxHead,3SgProxSubj,0PlObj,Neu,Neg,gaa-ayaanzig,gaa-<<ayaa>>nzig,JDN-2010-MS-VTI-p28
VTI,Pcp/PVSub/gaa,VTI_am,waabandan,waaband,3SgProxHead,3SgProxSubj,0PlObj,Neu,Neg,gaa-waabandanzig,gaa-<<waaband>>anzig,NJ-zoom-2023Sep8; JDN-2010-MS-VTI-p28
VTI,Pcp/PVSub/gaa,VTI_i,miijin,miiji,3SgProxHead,3SgProxSubj,0PlObj,Neu,Neg,gaa-miijisig,gaa-<<miiji>>sig,JDN-2010-MS-VTI-p28
VTI,Pcp/PVSub/gaa,VTI_oo,wanitoon,wanit,3SgProxHead,3SgProxSubj,0PlObj,Neu,Neg,gaa-wanitoosig,gaa-<<wanit>>oosig,JDN-2010-MS-VTI-p28
VTI,Pcp/PVSub/gaa,VTI_aa,ayaan,ayaa,3SgProxHead,3SgProxSubj,0PlObj,Neu,Pos,gaa-ayaang,gaa-<<ayaa>>ng,JDN-2010-MS-VTI-p27
VTI,Pcp/PVSub/gaa,VTI_am,waabandan,waaband,3SgProxHead,3SgProxSubj,0PlObj,Neu,Pos,gaa-waabandang,gaa-<<waaband>>ang,NJ-zoom-2023Sep8; JDN-2010-MS-VTI-p27
VTI,Pcp/PVSub/gaa,VTI_i,miijin,miiji,3SgProxHead,3SgProxSubj,0PlObj,Neu,Pos,gaa-miijid,gaa-<<miiji>>d,JDN-2010-MS-VTI-p27
VTI,Pcp/PVSub/gaa,VTI_oo,wanitoon,wanit,3SgProxHead,3SgProxSubj,0PlObj,Neu,Pos,gaa-wanitood,gaa-<<wanit>>ood,JDN-2010-MS-VTI-p27
VTI,Pcp/PVSub/gaa,VTI_aa,ayaan,ayaa,3SgProxHead,3SgProxSubj,0PlObj,Prt,Neg,MISSING,,
VTI,Pcp/PVSub/gaa,VTI_am,waabandan,waaband,3SgProxHead,3SgProxSubj,0PlObj,Prt,Neg,gaa-waabandanzigoban,gaa-<<waaband>>anzigoban,JDN-2010-MS-VTI-p32
VTI,Pcp/PVSub/gaa,VTI_i,miijin,miiji,3SgProxHead,3SgProxSubj,0PlObj,Prt,Neg,gaa-miijisigoban,gaa-<<miiji>>sigoban,JDN-2010-MS-VTI-p32
VTI,Pcp/PVSub/gaa,VTI_oo,wanitoon,wanit,3SgProxHead,3SgProxSubj,0PlObj,Prt,Neg,gaa-wanitoosigoban,gaa-<<wanit>>oosigoban,JDN-2010-MS-VTI-p32
VTI,Pcp/PVSub/gaa,VTI_aa,ayaan,ayaa,3SgProxHead,3SgProxSubj,0PlObj,Prt,Pos,MISSING,,
VTI,Pcp/PVSub/gaa,VTI_am,waabandan,waaband,3SgProxHead,3SgProxSubj,0PlObj,Prt,Pos,gaa-waabandangiban,gaa-<<waaband>>angiban,JDN-2010-MS-VTI-p31
VTI,Pcp/PVSub/gaa,VTI_i,miijin,miiji,3SgProxHead,3SgProxSubj,0PlObj,Prt,Pos,gaa-miijipan,gaa-<<miiji>>pan,JDN-2010-MS-VTI-p31
VTI,Pcp/PVSub/gaa,VTI_oo,wanitoon,wanit,3SgProxHead,3SgProxSubj,0PlObj,Prt,Pos,gaa-wanitoopan,gaa-<<wanit>>oopan,JDN-2010-MS-VTI-p31
VTI,Pcp/PVSub/gaa,VTI_aa,ayaan,ayaa,0PlHead,ExclSubj,0PlObj,Dub,Neg,gaa-ayaanziiwaangen,gaa-<<ayaa>>nziiwaangen,GUESS
VTI,Pcp/PVSub/gaa,VTI_am,waabandan,waaband,0PlHead,ExclSubj,0PlObj,Dub,Neg,gaa-waabandanziiwaangen,gaa-<<waaband>>anziiwaangen,JDN-2010-MS-VTI-p36
VTI,Pcp/PVSub/gaa,VTI_i,miijin,miiji,0PlHead,ExclSubj,0PlObj,Dub,Neg,gaa-miijisiiwaangen,gaa-<<miiji>>siiwaangen,JDN-2010-MS-VTI-p36
VTI,Pcp/PVSub/gaa,VTI_oo,wanitoon,wanit,0PlHead,ExclSubj,0PlObj,Dub,Neg,gaa-wanitoosiiwaangen,gaa-<<wanit>>oosiiwaangen,JDN-2010-MS-VTI-p36
VTI,Pcp/PVSub/gaa,VTI_aa,ayaan,ayaa,0PlHead,ExclSubj,0PlObj,Dub,Pos,MISSING,,
VTI,Pcp/PVSub/gaa,VTI_am,waabandan,waaband,0PlHead,ExclSubj,0PlObj,Dub,Pos,gaa-waabandamowaangen,gaa-<<waaband>>amowaangen,JDN-2010-MS-VTI-p35
VTI,Pcp/PVSub/gaa,VTI_i,miijin,miiji,0PlHead,ExclSubj,0PlObj,Dub,Pos,gaa-miijiwaangen,gaa-<<miiji>>waangen,JDN-2010-MS-VTI-p35
VTI,Pcp/PVSub/gaa,VTI_oo,wanitoon,wanit,0PlHead,ExclSubj,0PlObj,Dub,Pos,gaa-wanitoowaangen,gaa-<<wanit>>oowaangen,JDN-2010-MS-VTI-p35
VTI,Pcp/PVSub/gaa,VTI_aa,ayaan,ayaa,0PlHead,ExclSubj,0PlObj,DubPrt,Neg,MISSING,,
VTI,Pcp/PVSub/gaa,VTI_am,waabandan,waaband,0PlHead,ExclSubj,0PlObj,DubPrt,Neg,gaa-waabandanziiwaangibanen,gaa-<<waaband>>anziiwaangibanen,JDN-2010-MS-VTI-p40
VTI,Pcp/PVSub/gaa,VTI_i,miijin,miiji,0PlHead,ExclSubj,0PlObj,DubPrt,Neg,gaa-miijisiiwaangibanen,gaa-<<miiji>>siiwaangibanen,JDN-2010-MS-VTI-p40
VTI,Pcp/PVSub/gaa,VTI_oo,wanitoon,wanit,0PlHead,ExclSubj,0PlObj,DubPrt,Neg,gaa-wanitoosiiwaangibanen,gaa-<<wanit>>oosiiwaangibanen,JDN-2010-MS-VTI-p40
VTI,Pcp/PVSub/gaa,VTI_aa,ayaan,ayaa,0PlHead,ExclSubj,0PlObj,DubPrt,Pos,MISSING,,
VTI,Pcp/PVSub/gaa,VTI_am,waabandan,waaband,0PlHead,ExclSubj,0PlObj,DubPrt,Pos,gaa-waabandamowaangibanen,gaa-<<waaband>>amowaangibanen,JDN-2010-MS-VTI-p39
VTI,Pcp/PVSub/gaa,VTI_i,miijin,miiji,0PlHead,ExclSubj,0PlObj,DubPrt,Pos,gaa-miijiwaangibanen,gaa-<<miiji>>waangibanen,JDN-2010-MS-VTI-p39
VTI,Pcp/PVSub/gaa,VTI_oo,wanitoon,wanit,0PlHead,ExclSubj,0PlObj,DubPrt,Pos,gaa-wanitoowaangibanen,gaa-<<wanit>>oowaangibanen,JDN-2010-MS-VTI-p39
VTI,Pcp/PVSub/gaa,VTI_aa,ayaan,ayaa,0PlHead,ExclSubj,0PlObj,Neu,Neg,gaa-ayaanziwaang,gaa-<<ayaa>>nziwaang,JDN-2010-MS-VTI-p28
VTI,Pcp/PVSub/gaa,VTI_am,waabandan,waaband,0PlHead,ExclSubj,0PlObj,Neu,Neg,gaa-waabandanziwaang,gaa-<<waaband>>anziwaang,NJ-zoom-2023Sep8; JDN-2010-MS-VTI-p28
VTI,Pcp/PVSub/gaa,VTI_i,miijin,miiji,0PlHead,ExclSubj,0PlObj,Neu,Neg,gaa-miijisiwaang,gaa-<<miiji>>siwaang,JDN-2010-MS-VTI-p28
VTI,Pcp/PVSub/gaa,VTI_oo,wanitoon,wanit,0PlHead,ExclSubj,0PlObj,Neu,Neg,gaa-wanitoosiwaang,gaa-<<wanit>>oosiwaang,JDN-2010-MS-VTI-p28
VTI,Pcp/PVSub/gaa,VTI_aa,ayaan,ayaa,0PlHead,ExclSubj,0PlObj,Neu,Pos,gaa-ayaamaang,gaa-<<ayaa>>maang,JDN-2010-MS-VTI-p27
VTI,Pcp/PVSub/gaa,VTI_am,waabandan,waaband,0PlHead,ExclSubj,0PlObj,Neu,Pos,gaa-waabandamaang,gaa-<<waaband>>amaang,NJ-zoom-2023Sep8; JDN-2010-MS-VTI-p27
VTI,Pcp/PVSub/gaa,VTI_i,miijin,miiji,0PlHead,ExclSubj,0PlObj,Neu,Pos,gaa-miijiyaang,gaa-<<miiji>>yaang,JDN-2010-MS-VTI-p27
VTI,Pcp/PVSub/gaa,VTI_oo,wanitoon,wanit,0PlHead,ExclSubj,0PlObj,Neu,Pos,gaa-wanitooyaang,gaa-<<wanit>>ooyaang,JDN-2010-MS-VTI-p27
VTI,Pcp/PVSub/gaa,VTI_aa,ayaan,ayaa,0PlHead,ExclSubj,0PlObj,Prt,Neg,MISSING,,
VTI,Pcp/PVSub/gaa,VTI_am,waabandan,waaband,0PlHead,ExclSubj,0PlObj,Prt,Neg,gaa-waabandanziwaangiban,gaa-<<waaband>>anziwaangiban,JDN-2010-MS-VTI-p32
VTI,Pcp/PVSub/gaa,VTI_i,miijin,miiji,0PlHead,ExclSubj,0PlObj,Prt,Neg,gaa-miijisiwaangiban,gaa-<<miiji>>siwaangiban,JDN-2010-MS-VTI-p32
VTI,Pcp/PVSub/gaa,VTI_oo,wanitoon,wanit,0PlHead,ExclSubj,0PlObj,Prt,Neg,gaa-wanitoosiwaangiban,gaa-<<wanit>>oosiwaangiban,JDN-2010-MS-VTI-p32
VTI,Pcp/PVSub/gaa,VTI_aa,ayaan,ayaa,0PlHead,ExclSubj,0PlObj,Prt,Pos,MISSING,,
VTI,Pcp/PVSub/gaa,VTI_am,waabandan,waaband,0PlHead,ExclSubj,0PlObj,Prt,Pos,gaa-waabandamaangiban,gaa-<<waaband>>amaangiban,JDN-2010-MS-VTI-p31
VTI,Pcp/PVSub/gaa,VTI_i,miijin,miiji,0PlHead,ExclSubj,0PlObj,Prt,Pos,gaa-miijiyaangiban,gaa-<<miiji>>yaangiban,JDN-2010-MS-VTI-p31
VTI,Pcp/PVSub/gaa,VTI_oo,wanitoon,wanit,0PlHead,ExclSubj,0PlObj,Prt,Pos,gaa-wanitooyaangiban,gaa-<<wanit>>ooyaangiban,JDN-2010-MS-VTI-p31
VTI,Pcp/PVSub/gaa,VTI_aa,ayaan,ayaa,0PlHead,InclSubj,0PlObj,Dub,Neg,gaa-ayaanziiwangen,gaa-<<ayaa>>nziiwangen,GUESS
VTI,Pcp/PVSub/gaa,VTI_am,waabandan,waaband,0PlHead,InclSubj,0PlObj,Dub,Neg,gaa-waabandanziiwangen,gaa-<<waaband>>anziiwangen,JDN-2010-MS-VTI-p36
VTI,Pcp/PVSub/gaa,VTI_i,miijin,miiji,0PlHead,InclSubj,0PlObj,Dub,Neg,gaa-miijisiiwangen,gaa-<<miiji>>siiwangen,JDN-2010-MS-VTI-p36
VTI,Pcp/PVSub/gaa,VTI_oo,wanitoon,wanit,0PlHead,InclSubj,0PlObj,Dub,Neg,gaa-wanitoosiiwangen,gaa-<<wanit>>oosiiwangen,JDN-2010-MS-VTI-p36
VTI,Pcp/PVSub/gaa,VTI_aa,ayaan,ayaa,0PlHead,InclSubj,0PlObj,Dub,Pos,MISSING,,
VTI,Pcp/PVSub/gaa,VTI_am,waabandan,waaband,0PlHead,InclSubj,0PlObj,Dub,Pos,gaa-waabandamowangen,gaa-<<waaband>>amowangen,JDN-2010-MS-VTI-p35
VTI,Pcp/PVSub/gaa,VTI_i,miijin,miiji,0PlHead,InclSubj,0PlObj,Dub,Pos,gaa-miijiwangen,gaa-<<miiji>>wangen,JDN-2010-MS-VTI-p35
VTI,Pcp/PVSub/gaa,VTI_oo,wanitoon,wanit,0PlHead,InclSubj,0PlObj,Dub,Pos,gaa-wanitoowangen,gaa-<<wanit>>oowangen,JDN-2010-MS-VTI-p35
VTI,Pcp/PVSub/gaa,VTI_aa,ayaan,ayaa,0PlHead,InclSubj,0PlObj,DubPrt,Neg,MISSING,,
VTI,Pcp/PVSub/gaa,VTI_am,waabandan,waaband,0PlHead,InclSubj,0PlObj,DubPrt,Neg,gaa-waabandanziiwangibanen,gaa-<<waaband>>anziiwangibanen,JDN-2010-MS-VTI-p40
VTI,Pcp/PVSub/gaa,VTI_i,miijin,miiji,0PlHead,InclSubj,0PlObj,DubPrt,Neg,gaa-miijisiiwangibanen,gaa-<<miiji>>siiwangibanen,JDN-2010-MS-VTI-p40
VTI,Pcp/PVSub/gaa,VTI_oo,wanitoon,wanit,0PlHead,InclSubj,0PlObj,DubPrt,Neg,gaa-wanitoosiiwangibanen,gaa-<<wanit>>oosiiwangibanen,JDN-2010-MS-VTI-p40
VTI,Pcp/PVSub/gaa,VTI_aa,ayaan,ayaa,0PlHead,InclSubj,0PlObj,DubPrt,Pos,MISSING,,
VTI,Pcp/PVSub/gaa,VTI_am,waabandan,waaband,0PlHead,InclSubj,0PlObj,DubPrt,Pos,gaa-waabandamowangibanen,gaa-<<waaband>>amowangibanen,JDN-2010-MS-VTI-p39
VTI,Pcp/PVSub/gaa,VTI_i,miijin,miiji,0PlHead,InclSubj,0PlObj,DubPrt,Pos,gaa-miijiwangibanen,gaa-<<miiji>>wangibanen,JDN-2010-MS-VTI-p39
VTI,Pcp/PVSub/gaa,VTI_oo,wanitoon,wanit,0PlHead,InclSubj,0PlObj,DubPrt,Pos,gaa-wanitoowangibanen,gaa-<<wanit>>oowangibanen,JDN-2010-MS-VTI-p39
VTI,Pcp/PVSub/gaa,VTI_aa,ayaan,ayaa,0PlHead,InclSubj,0PlObj,Neu,Neg,gaa-ayaanziwang,gaa-<<ayaa>>nziwang,JDN-2010-MS-VTI-p28
VTI,Pcp/PVSub/gaa,VTI_am,waabandan,waaband,0PlHead,InclSubj,0PlObj,Neu,Neg,gaa-waabandanziwang,gaa-<<waaband>>anziwang,NJ-zoom-2023Sep8; JDN-2010-MS-VTI-p28
VTI,Pcp/PVSub/gaa,VTI_i,miijin,miiji,0PlHead,InclSubj,0PlObj,Neu,Neg,gaa-miijisiwang,gaa-<<miiji>>siwang,JDN-2010-MS-VTI-p28
VTI,Pcp/PVSub/gaa,VTI_oo,wanitoon,wanit,0PlHead,InclSubj,0PlObj,Neu,Neg,gaa-wanitoosiwang,gaa-<<wanit>>oosiwang,JDN-2010-MS-VTI-p28
VTI,Pcp/PVSub/gaa,VTI_aa,ayaan,ayaa,0PlHead,InclSubj,0PlObj,Neu,Pos,gaa-ayaamang,gaa-<<ayaa>>mang,JDN-2010-MS-VTI-p27
VTI,Pcp/PVSub/gaa,VTI_am,waabandan,waaband,0PlHead,InclSubj,0PlObj,Neu,Pos,gaa-waabandamang,gaa-<<waaband>>amang,NJ-zoom-2023Sep8; JDN-2010-MS-VTI-p27
VTI,Pcp/PVSub/gaa,VTI_i,miijin,miiji,0PlHead,InclSubj,0PlObj,Neu,Pos,gaa-miijiyang,gaa-<<miiji>>yang,JDN-2010-MS-VTI-p27
VTI,Pcp/PVSub/gaa,VTI_oo,wanitoon,wanit,0PlHead,InclSubj,0PlObj,Neu,Pos,gaa-wanitooyang,gaa-<<wanit>>ooyang,JDN-2010-MS-VTI-p27
VTI,Pcp/PVSub/gaa,VTI_aa,ayaan,ayaa,0PlHead,InclSubj,0PlObj,Prt,Neg,MISSING,,
VTI,Pcp/PVSub/gaa,VTI_am,waabandan,waaband,0PlHead,InclSubj,0PlObj,Prt,Neg,gaa-waabandanziwangiban,gaa-<<waaband>>anziwangiban,JDN-2010-MS-VTI-p32
VTI,Pcp/PVSub/gaa,VTI_i,miijin,miiji,0PlHead,InclSubj,0PlObj,Prt,Neg,gaa-miijisiwangiban,gaa-<<miiji>>siwangiban,JDN-2010-MS-VTI-p32
VTI,Pcp/PVSub/gaa,VTI_oo,wanitoon,wanit,0PlHead,InclSubj,0PlObj,Prt,Neg,gaa-wanitoosiwangiban,gaa-<<wanit>>oosiwangiban,JDN-2010-MS-VTI-p32
VTI,Pcp/PVSub/gaa,VTI_aa,ayaan,ayaa,0PlHead,InclSubj,0PlObj,Prt,Pos,MISSING,,
VTI,Pcp/PVSub/gaa,VTI_am,waabandan,waaband,0PlHead,InclSubj,0PlObj,Prt,Pos,gaa-waabandamangiban,gaa-<<waaband>>amangiban,JDN-2010-MS-VTI-p31
VTI,Pcp/PVSub/gaa,VTI_i,miijin,miiji,0PlHead,InclSubj,0PlObj,Prt,Pos,gaa-miijiyangiban,gaa-<<miiji>>yangiban,JDN-2010-MS-VTI-p31
VTI,Pcp/PVSub/gaa,VTI_oo,wanitoon,wanit,0PlHead,InclSubj,0PlObj,Prt,Pos,gaa-wanitooyangiban,gaa-<<wanit>>ooyangiban,JDN-2010-MS-VTI-p31
VTI,Pcp/PVSub/gaa,VTI_aa,ayaan,ayaa,0PlHead,XSubj,0PlObj,Dub,Neg,gaa-ayaanziiwiingen,gaa-<<ayaa>>nziiwiingen,GUESS
VTI,Pcp/PVSub/gaa,VTI_am,waabandan,waaband,0PlHead,XSubj,0PlObj,Dub,Neg,gaa-waabandanziiwiingen,gaa-<<waaband>>anziiwiingen,JDN-2010-MS-VTI-p36
VTI,Pcp/PVSub/gaa,VTI_i,miijin,miiji,0PlHead,XSubj,0PlObj,Dub,Neg,gaa-miijisiiwiingen,gaa-<<miiji>>siiwiingen,JDN-2010-MS-VTI-p36
VTI,Pcp/PVSub/gaa,VTI_oo,wanitoon,wanit,0PlHead,XSubj,0PlObj,Dub,Neg,gaa-wanitoosiiwiingen,gaa-<<wanit>>oosiiwiingen,JDN-2010-MS-VTI-p36
VTI,Pcp/PVSub/gaa,VTI_aa,ayaan,ayaa,0PlHead,XSubj,0PlObj,Dub,Pos,MISSING,,
VTI,Pcp/PVSub/gaa,VTI_am,waabandan,waaband,0PlHead,XSubj,0PlObj,Dub,Pos,gaa-waabandamowiingen,gaa-<<waaband>>amowiingen,JDN-2010-MS-VTI-p35
VTI,Pcp/PVSub/gaa,VTI_i,miijin,miiji,0PlHead,XSubj,0PlObj,Dub,Pos,gaa-miijiwiingen,gaa-<<miiji>>wiingen,JDN-2010-MS-VTI-p35
VTI,Pcp/PVSub/gaa,VTI_oo,wanitoon,wanit,0PlHead,XSubj,0PlObj,Dub,Pos,gaa-wanitoowiingen,gaa-<<wanit>>oowiingen,JDN-2010-MS-VTI-p35
VTI,Pcp/PVSub/gaa,VTI_aa,ayaan,ayaa,0PlHead,XSubj,0PlObj,DubPrt,Neg,MISSING,,
VTI,Pcp/PVSub/gaa,VTI_am,waabandan,waaband,0PlHead,XSubj,0PlObj,DubPrt,Neg,gaa-waabandanziiwiingibanen,gaa-<<waaband>>anziiwiingibanen,JDN-2010-MS-VTI-p40
VTI,Pcp/PVSub/gaa,VTI_i,miijin,miiji,0PlHead,XSubj,0PlObj,DubPrt,Neg,gaa-miijisiiwiingibanen,gaa-<<miiji>>siiwiingibanen,JDN-2010-MS-VTI-p40
VTI,Pcp/PVSub/gaa,VTI_oo,wanitoon,wanit,0PlHead,XSubj,0PlObj,DubPrt,Neg,gaa-wanitoosiiwiingibanen,gaa-<<wanit>>oosiiwiingibanen,JDN-2010-MS-VTI-p40
VTI,Pcp/PVSub/gaa,VTI_aa,ayaan,ayaa,0PlHead,XSubj,0PlObj,DubPrt,Pos,MISSING,,
VTI,Pcp/PVSub/gaa,VTI_am,waabandan,waaband,0PlHead,XSubj,0PlObj,DubPrt,Pos,gaa-waabandamowiingibanen,gaa-<<waaband>>amowiingibanen,JDN-2010-MS-VTI-p39
VTI,Pcp/PVSub/gaa,VTI_i,miijin,miiji,0PlHead,XSubj,0PlObj,DubPrt,Pos,gaa-miijiwiingibanen,gaa-<<miiji>>wiingibanen,JDN-2010-MS-VTI-p39
VTI,Pcp/PVSub/gaa,VTI_oo,wanitoon,wanit,0PlHead,XSubj,0PlObj,DubPrt,Pos,gaa-wanitoowiingibanen,gaa-<<wanit>>oowiingibanen,JDN-2010-MS-VTI-p39
VTI,Pcp/PVSub/gaa,VTI_aa,ayaan,ayaa,0PlHead,XSubj,0PlObj,Neu,Neg,gaa-ayaanzing,gaa-<<ayaa>>nzing,GUESS
VTI,Pcp/PVSub/gaa,VTI_am,waabandan,waaband,0PlHead,XSubj,0PlObj,Neu,Neg,gaa-waabandanzing,gaa-<<waaband>>anzing,JDN-2010-MS-VTI-p28
VTI,Pcp/PVSub/gaa,VTI_i,miijin,miiji,0PlHead,XSubj,0PlObj,Neu,Neg,gaa-miijising,gaa-<<miiji>>sing,JDN-2010-MS-VTI-p28
VTI,Pcp/PVSub/gaa,VTI_oo,wanitoon,wanit,0PlHead,XSubj,0PlObj,Neu,Neg,gaa-wanitoosing,gaa-<<wanit>>oosing,JDN-2010-MS-VTI-p28
VTI,Pcp/PVSub/gaa,VTI_aa,ayaan,ayaa,0PlHead,XSubj,0PlObj,Neu,Pos,gaa-ayaaming,gaa-<<ayaa>>ming,GUESS
VTI,Pcp/PVSub/gaa,VTI_am,waabandan,waaband,0PlHead,XSubj,0PlObj,Neu,Pos,gaa-waabandaming,gaa-<<waaband>>aming,NJ-zoom-2023Sep8; JDN-2010-MS-VTI-p27
VTI,Pcp/PVSub/gaa,VTI_i,miijin,miiji,0PlHead,XSubj,0PlObj,Neu,Pos,gaa-miijing,gaa-<<miiji>>ng,JDN-2010-MS-VTI-p27
VTI,Pcp/PVSub/gaa,VTI_oo,wanitoon,wanit,0PlHead,XSubj,0PlObj,Neu,Pos,gaa-wanitoong,gaa-<<wanit>>oong,JDN-2010-MS-VTI-p27
VTI,Pcp/PVSub/gaa,VTI_aa,ayaan,ayaa,0PlHead,XSubj,0PlObj,Prt,Neg,MISSING,,
VTI,Pcp/PVSub/gaa,VTI_am,waabandan,waaband,0PlHead,XSubj,0PlObj,Prt,Neg,gaa-waabandanzingiban,gaa-<<waaband>>anzingiban,JDN-2010-MS-VTI-p32
VTI,Pcp/PVSub/gaa,VTI_i,miijin,miiji,0PlHead,XSubj,0PlObj,Prt,Neg,gaa-miijisingiban,gaa-<<miiji>>singiban,JDN-2010-MS-VTI-p32
VTI,Pcp/PVSub/gaa,VTI_oo,wanitoon,wanit,0PlHead,XSubj,0PlObj,Prt,Neg,gaa-wanitoosingiban,gaa-<<wanit>>oosingiban,JDN-2010-MS-VTI-p32
VTI,Pcp/PVSub/gaa,VTI_aa,ayaan,ayaa,0PlHead,XSubj,0PlObj,Prt,Pos,MISSING,,
VTI,Pcp/PVSub/gaa,VTI_am,waabandan,waaband,0PlHead,XSubj,0PlObj,Prt,Pos,gaa-waabandamingiban,gaa-<<waaband>>amingiban,JDN-2010-MS-VTI-p31
VTI,Pcp/PVSub/gaa,VTI_i,miijin,miiji,0PlHead,XSubj,0PlObj,Prt,Pos,gaa-miijingiban,gaa-<<miiji>>ngiban,JDN-2010-MS-VTI-p31
VTI,Pcp/PVSub/gaa,VTI_oo,wanitoon,wanit,0PlHead,XSubj,0PlObj,Prt,Pos,gaa-wanitoongiban,gaa-<<wanit>>oongiban,JDN-2010-MS-VTI-p31
VTI,Pcp/PVSub/gaa,VTI_aa,ayaan,ayaa,0SgHead,1SgSubj,0SgObj,Dub,Neg,gaa-ayaanziiwaanen,gaa-<<ayaa>>nziiwaanen,GUESS
VTI,Pcp/PVSub/gaa,VTI_am,waabandan,waaband,0SgHead,1SgSubj,0SgObj,Dub,Neg,gaa-waabandanziiwaanen,gaa-<<waaband>>anziiwaanen,JDN-2010-MS-VTI-p36
VTI,Pcp/PVSub/gaa,VTI_i,miijin,miiji,0SgHead,1SgSubj,0SgObj,Dub,Neg,gaa-miijisiiwaanen,gaa-<<miiji>>siiwaanen,JDN-2010-MS-VTI-p36
VTI,Pcp/PVSub/gaa,VTI_oo,wanitoon,wanit,0SgHead,1SgSubj,0SgObj,Dub,Neg,gaa-wanitoosiiwaanen,gaa-<<wanit>>oosiiwaanen,JDN-2010-MS-VTI-p36
VTI,Pcp/PVSub/gaa,VTI_aa,ayaan,ayaa,0SgHead,1SgSubj,0SgObj,Dub,Pos,MISSING,,
VTI,Pcp/PVSub/gaa,VTI_am,waabandan,waaband,0SgHead,1SgSubj,0SgObj,Dub,Pos,gaa-waabandamowaanen,gaa-<<waaband>>amowaanen,JDN-2010-MS-VTI-p35
VTI,Pcp/PVSub/gaa,VTI_i,miijin,miiji,0SgHead,1SgSubj,0SgObj,Dub,Pos,gaa-miijiwaanen,gaa-<<miiji>>waanen,JDN-2010-MS-VTI-p35
VTI,Pcp/PVSub/gaa,VTI_oo,wanitoon,wanit,0SgHead,1SgSubj,0SgObj,Dub,Pos,gaa-wanitoowaanen,gaa-<<wanit>>oowaanen,JDN-2010-MS-VTI-p35
VTI,Pcp/PVSub/gaa,VTI_aa,ayaan,ayaa,0SgHead,1SgSubj,0SgObj,DubPrt,Neg,MISSING,,
VTI,Pcp/PVSub/gaa,VTI_am,waabandan,waaband,0SgHead,1SgSubj,0SgObj,DubPrt,Neg,gaa-waabandanziiwaambaanen,gaa-<<waaband>>anziiwaambaanen,JDN-2010-MS-VTI-p40
VTI,Pcp/PVSub/gaa,VTI_i,miijin,miiji,0SgHead,1SgSubj,0SgObj,DubPrt,Neg,gaa-miijisiiwaambaanen,gaa-<<miiji>>siiwaambaanen,JDN-2010-MS-VTI-p40
VTI,Pcp/PVSub/gaa,VTI_oo,wanitoon,wanit,0SgHead,1SgSubj,0SgObj,DubPrt,Neg,gaa-wanitoosiiwaambaanen,gaa-<<wanit>>oosiiwaambaanen,JDN-2010-MS-VTI-p40
VTI,Pcp/PVSub/gaa,VTI_aa,ayaan,ayaa,0SgHead,1SgSubj,0SgObj,DubPrt,Pos,MISSING,,
VTI,Pcp/PVSub/gaa,VTI_am,waabandan,waaband,0SgHead,1SgSubj,0SgObj,DubPrt,Pos,gaa-waabandamowaambaanen,gaa-<<waaband>>amowaambaanen,JDN-2010-MS-VTI-p39
VTI,Pcp/PVSub/gaa,VTI_i,miijin,miiji,0SgHead,1SgSubj,0SgObj,DubPrt,Pos,gaa-miijiwaambaanen,gaa-<<miiji>>waambaanen,JDN-2010-MS-VTI-p39
VTI,Pcp/PVSub/gaa,VTI_oo,wanitoon,wanit,0SgHead,1SgSubj,0SgObj,DubPrt,Pos,gaa-wanitoowaambaanen,gaa-<<wanit>>oowaambaanen,JDN-2010-MS-VTI-p39
VTI,Pcp/PVSub/gaa,VTI_aa,ayaan,ayaa,0SgHead,1SgSubj,0SgObj,Neu,Neg,gaa-ayaanziwaan,gaa-<<ayaa>>nziwaan,JDN-2010-MS-VTI-p28
VTI,Pcp/PVSub/gaa,VTI_am,waabandan,waaband,0SgHead,1SgSubj,0SgObj,Neu,Neg,gaa-waabandanziwaan,gaa-<<waaband>>anziwaan,NJ-zoom-2023Sep8; JDN-2010-MS-VTI-p28
VTI,Pcp/PVSub/gaa,VTI_i,miijin,miiji,0SgHead,1SgSubj,0SgObj,Neu,Neg,gaa-miijisiwaan,gaa-<<miiji>>siwaan,JDN-2010-MS-VTI-p28
VTI,Pcp/PVSub/gaa,VTI_oo,wanitoon,wanit,0SgHead,1SgSubj,0SgObj,Neu,Neg,gaa-wanitoosiwaan,gaa-<<wanit>>oosiwaan,JDN-2010-MS-VTI-p28
VTI,Pcp/PVSub/gaa,VTI_aa,ayaan,ayaa,0SgHead,1SgSubj,0SgObj,Neu,Pos,gaa-ayaamaan,gaa-<<ayaa>>maan,JDN-2010-MS-VTI-p27
VTI,Pcp/PVSub/gaa,VTI_am,waabandan,waaband,0SgHead,1SgSubj,0SgObj,Neu,Pos,gaa-waabandamaan,gaa-<<waaband>>amaan,NJ-zoom-2023Sep8; JDN-2010-MS-VTI-p27
VTI,Pcp/PVSub/gaa,VTI_i,miijin,miiji,0SgHead,1SgSubj,0SgObj,Neu,Pos,gaa-miijiyaan,gaa-<<miiji>>yaan,JDN-2010-MS-VTI-p27
VTI,Pcp/PVSub/gaa,VTI_oo,wanitoon,wanit,0SgHead,1SgSubj,0SgObj,Neu,Pos,gaa-wanitooyaan,gaa-<<wanit>>ooyaan,JDN-2010-MS-VTI-p27
VTI,Pcp/PVSub/gaa,VTI_aa,ayaan,ayaa,0SgHead,1SgSubj,0SgObj,Prt,Neg,MISSING,,
VTI,Pcp/PVSub/gaa,VTI_am,waabandan,waaband,0SgHead,1SgSubj,0SgObj,Prt,Neg,gaa-waabandanziwaambaan,gaa-<<waaband>>anziwaambaan,JDN-2010-MS-VTI-p32
VTI,Pcp/PVSub/gaa,VTI_i,miijin,miiji,0SgHead,1SgSubj,0SgObj,Prt,Neg,gaa-miijisiwaambaan,gaa-<<miiji>>siwaambaan,JDN-2010-MS-VTI-p32
VTI,Pcp/PVSub/gaa,VTI_oo,wanitoon,wanit,0SgHead,1SgSubj,0SgObj,Prt,Neg,gaa-wanitoosiwaambaan,gaa-<<wanit>>oosiwaambaan,JDN-2010-MS-VTI-p32
VTI,Pcp/PVSub/gaa,VTI_aa,ayaan,ayaa,0SgHead,1SgSubj,0SgObj,Prt,Pos,MISSING,,
VTI,Pcp/PVSub/gaa,VTI_am,waabandan,waaband,0SgHead,1SgSubj,0SgObj,Prt,Pos,gaa-waabandamaambaan,gaa-<<waaband>>amaambaan,JDN-2010-MS-VTI-p31
VTI,Pcp/PVSub/gaa,VTI_i,miijin,miiji,0SgHead,1SgSubj,0SgObj,Prt,Pos,gaa-miijiyaambaan,gaa-<<miiji>>yaambaan,JDN-2010-MS-VTI-p31
VTI,Pcp/PVSub/gaa,VTI_oo,wanitoon,wanit,0SgHead,1SgSubj,0SgObj,Prt,Pos,gaa-wanitooyaambaan,gaa-<<wanit>>ooyaambaan,JDN-2010-MS-VTI-p31
VTI,Pcp/PVSub/gaa,VTI_aa,ayaan,ayaa,0SgHead,2PlSubj,0SgObj,Dub,Neg,gaa-ayaanziiwegwen,gaa-<<ayaa>>nziiwegwen,GUESS
VTI,Pcp/PVSub/gaa,VTI_am,waabandan,waaband,0SgHead,2PlSubj,0SgObj,Dub,Neg,gaa-waabandanziiwegwen,gaa-<<waaband>>anziiwegwen,JDN-2010-MS-VTI-p36
VTI,Pcp/PVSub/gaa,VTI_i,miijin,miiji,0SgHead,2PlSubj,0SgObj,Dub,Neg,gaa-miijisiiwegwen,gaa-<<miiji>>siiwegwen,JDN-2010-MS-VTI-p36
VTI,Pcp/PVSub/gaa,VTI_oo,wanitoon,wanit,0SgHead,2PlSubj,0SgObj,Dub,Neg,gaa-wanitoosiiwegwen,gaa-<<wanit>>oosiiwegwen,JDN-2010-MS-VTI-p36
VTI,Pcp/PVSub/gaa,VTI_aa,ayaan,ayaa,0SgHead,2PlSubj,0SgObj,Dub,Pos,MISSING,,
VTI,Pcp/PVSub/gaa,VTI_am,waabandan,waaband,0SgHead,2PlSubj,0SgObj,Dub,Pos,gaa-waabandamowegwen,gaa-<<waaband>>amowegwen,JDN-2010-MS-VTI-p35
VTI,Pcp/PVSub/gaa,VTI_i,miijin,miiji,0SgHead,2PlSubj,0SgObj,Dub,Pos,gaa-miijiwegwen,gaa-<<miiji>>wegwen,JDN-2010-MS-VTI-p35
VTI,Pcp/PVSub/gaa,VTI_oo,wanitoon,wanit,0SgHead,2PlSubj,0SgObj,Dub,Pos,gaa-wanitoowegwen,gaa-<<wanit>>oowegwen,JDN-2010-MS-VTI-p35
VTI,Pcp/PVSub/gaa,VTI_aa,ayaan,ayaa,0SgHead,2PlSubj,0SgObj,DubPrt,Neg,MISSING,,
VTI,Pcp/PVSub/gaa,VTI_am,waabandan,waaband,0SgHead,2PlSubj,0SgObj,DubPrt,Neg,gaa-waabandanziiwegobanen,gaa-<<waaband>>anziiwegobanen,JDN-2010-MS-VTI-p40
VTI,Pcp/PVSub/gaa,VTI_i,miijin,miiji,0SgHead,2PlSubj,0SgObj,DubPrt,Neg,gaa-miijisiiwegobanen,gaa-<<miiji>>siiwegobanen,JDN-2010-MS-VTI-p40
VTI,Pcp/PVSub/gaa,VTI_oo,wanitoon,wanit,0SgHead,2PlSubj,0SgObj,DubPrt,Neg,gaa-wanitoosiiwegobanen,gaa-<<wanit>>oosiiwegobanen,JDN-2010-MS-VTI-p40
VTI,Pcp/PVSub/gaa,VTI_aa,ayaan,ayaa,0SgHead,2PlSubj,0SgObj,DubPrt,Pos,MISSING,,
VTI,Pcp/PVSub/gaa,VTI_am,waabandan,waaband,0SgHead,2PlSubj,0SgObj,DubPrt,Pos,gaa-waabandamowegobanen,gaa-<<waaband>>amowegobanen,JDN-2010-MS-VTI-p39
VTI,Pcp/PVSub/gaa,VTI_i,miijin,miiji,0SgHead,2PlSubj,0SgObj,DubPrt,Pos,gaa-miijiwegobanen,gaa-<<miiji>>wegobanen,JDN-2010-MS-VTI-p39
VTI,Pcp/PVSub/gaa,VTI_oo,wanitoon,wanit,0SgHead,2PlSubj,0SgObj,DubPrt,Pos,gaa-wanitoowegobanen,gaa-<<wanit>>oowegobanen,JDN-2010-MS-VTI-p39
VTI,Pcp/PVSub/gaa,VTI_aa,ayaan,ayaa,0SgHead,2PlSubj,0SgObj,Neu,Neg,gaa-ayaanziweg,gaa-<<ayaa>>nziweg,JDN-2010-MS-VTI-p28
VTI,Pcp/PVSub/gaa,VTI_am,waabandan,waaband,0SgHead,2PlSubj,0SgObj,Neu,Neg,gaa-waabandanziweg,gaa-<<waaband>>anziweg,NJ-zoom-2023Sep8; JDN-2010-MS-VTI-p28
VTI,Pcp/PVSub/gaa,VTI_i,miijin,miiji,0SgHead,2PlSubj,0SgObj,Neu,Neg,gaa-miijisiweg,gaa-<<miiji>>siweg,JDN-2010-MS-VTI-p28
VTI,Pcp/PVSub/gaa,VTI_oo,wanitoon,wanit,0SgHead,2PlSubj,0SgObj,Neu,Neg,gaa-wanitoosiweg,gaa-<<wanit>>oosiweg,JDN-2010-MS-VTI-p28
VTI,Pcp/PVSub/gaa,VTI_aa,ayaan,ayaa,0SgHead,2PlSubj,0SgObj,Neu,Pos,gaa-ayaameg,gaa-<<ayaa>>meg,JDN-2010-MS-VTI-p27
VTI,Pcp/PVSub/gaa,VTI_am,waabandan,waaband,0SgHead,2PlSubj,0SgObj,Neu,Pos,gaa-waabandameg,gaa-<<waaband>>ameg,NJ-zoom-2023Sep8; JDN-2010-MS-VTI-p27
VTI,Pcp/PVSub/gaa,VTI_i,miijin,miiji,0SgHead,2PlSubj,0SgObj,Neu,Pos,gaa-miijiyeg,gaa-<<miiji>>yeg,JDN-2010-MS-VTI-p27
VTI,Pcp/PVSub/gaa,VTI_oo,wanitoon,wanit,0SgHead,2PlSubj,0SgObj,Neu,Pos,gaa-wanitooyeg,gaa-<<wanit>>ooyeg,JDN-2010-MS-VTI-p27
VTI,Pcp/PVSub/gaa,VTI_aa,ayaan,ayaa,0SgHead,2PlSubj,0SgObj,Prt,Neg,MISSING,,
VTI,Pcp/PVSub/gaa,VTI_am,waabandan,waaband,0SgHead,2PlSubj,0SgObj,Prt,Neg,gaa-waabandanziwegoban,gaa-<<waaband>>anziwegoban,JDN-2010-MS-VTI-p32
VTI,Pcp/PVSub/gaa,VTI_i,miijin,miiji,0SgHead,2PlSubj,0SgObj,Prt,Neg,gaa-miijisiwegoban,gaa-<<miiji>>siwegoban,JDN-2010-MS-VTI-p32
VTI,Pcp/PVSub/gaa,VTI_oo,wanitoon,wanit,0SgHead,2PlSubj,0SgObj,Prt,Neg,gaa-wanitoosiwegoban,gaa-<<wanit>>oosiwegoban,JDN-2010-MS-VTI-p32
VTI,Pcp/PVSub/gaa,VTI_aa,ayaan,ayaa,0SgHead,2PlSubj,0SgObj,Prt,Pos,MISSING,,
VTI,Pcp/PVSub/gaa,VTI_am,waabandan,waaband,0SgHead,2PlSubj,0SgObj,Prt,Pos,gaa-waabandamegoban,gaa-<<waaband>>amegoban,JDN-2010-MS-VTI-p31
VTI,Pcp/PVSub/gaa,VTI_i,miijin,miiji,0SgHead,2PlSubj,0SgObj,Prt,Pos,gaa-miijiyegoban,gaa-<<miiji>>yegoban,JDN-2010-MS-VTI-p31
VTI,Pcp/PVSub/gaa,VTI_oo,wanitoon,wanit,0SgHead,2PlSubj,0SgObj,Prt,Pos,gaa-wanitooyegoban,gaa-<<wanit>>ooyegoban,JDN-2010-MS-VTI-p31
VTI,Pcp/PVSub/gaa,VTI_aa,ayaan,ayaa,0SgHead,2SgSubj,0SgObj,Dub,Neg,gaa-ayaanziiwanen,gaa-<<ayaa>>nziiwanen,GUESS
VTI,Pcp/PVSub/gaa,VTI_am,waabandan,waaband,0SgHead,2SgSubj,0SgObj,Dub,Neg,gaa-waabandanziiwanen,gaa-<<waaband>>anziiwanen,JDN-2010-MS-VTI-p36
VTI,Pcp/PVSub/gaa,VTI_i,miijin,miiji,0SgHead,2SgSubj,0SgObj,Dub,Neg,gaa-miijisiiwanen,gaa-<<miiji>>siiwanen,JDN-2010-MS-VTI-p36
VTI,Pcp/PVSub/gaa,VTI_oo,wanitoon,wanit,0SgHead,2SgSubj,0SgObj,Dub,Neg,gaa-wanitoosiiwanen,gaa-<<wanit>>oosiiwanen,JDN-2010-MS-VTI-p36
VTI,Pcp/PVSub/gaa,VTI_aa,ayaan,ayaa,0SgHead,2SgSubj,0SgObj,Dub,Pos,MISSING,,
VTI,Pcp/PVSub/gaa,VTI_am,waabandan,waaband,0SgHead,2SgSubj,0SgObj,Dub,Pos,gaa-waabandamowanen,gaa-<<waaband>>amowanen,JDN-2010-MS-VTI-p35
VTI,Pcp/PVSub/gaa,VTI_i,miijin,miiji,0SgHead,2SgSubj,0SgObj,Dub,Pos,gaa-miijiwanen,gaa-<<miiji>>wanen,JDN-2010-MS-VTI-p35
VTI,Pcp/PVSub/gaa,VTI_oo,wanitoon,wanit,0SgHead,2SgSubj,0SgObj,Dub,Pos,gaa-wanitoowanen,gaa-<<wanit>>oowanen,JDN-2010-MS-VTI-p35
VTI,Pcp/PVSub/gaa,VTI_aa,ayaan,ayaa,0SgHead,2SgSubj,0SgObj,DubPrt,Neg,MISSING,,
VTI,Pcp/PVSub/gaa,VTI_am,waabandan,waaband,0SgHead,2SgSubj,0SgObj,DubPrt,Neg,gaa-waabandanziiwambanen,gaa-<<waaband>>anziiwambanen,JDN-2010-MS-VTI-p40
VTI,Pcp/PVSub/gaa,VTI_i,miijin,miiji,0SgHead,2SgSubj,0SgObj,DubPrt,Neg,gaa-miijisiiwambanen,gaa-<<miiji>>siiwambanen,JDN-2010-MS-VTI-p40
VTI,Pcp/PVSub/gaa,VTI_oo,wanitoon,wanit,0SgHead,2SgSubj,0SgObj,DubPrt,Neg,gaa-wanitoosiiwambanen,gaa-<<wanit>>oosiiwambanen,JDN-2010-MS-VTI-p40
VTI,Pcp/PVSub/gaa,VTI_aa,ayaan,ayaa,0SgHead,2SgSubj,0SgObj,DubPrt,Pos,MISSING,,
VTI,Pcp/PVSub/gaa,VTI_am,waabandan,waaband,0SgHead,2SgSubj,0SgObj,DubPrt,Pos,gaa-waabandamowambanen,gaa-<<waaband>>amowambanen,JDN-2010-MS-VTI-p39
VTI,Pcp/PVSub/gaa,VTI_i,miijin,miiji,0SgHead,2SgSubj,0SgObj,DubPrt,Pos,gaa-miijiwambanen,gaa-<<miiji>>wambanen,JDN-2010-MS-VTI-p39
VTI,Pcp/PVSub/gaa,VTI_oo,wanitoon,wanit,0SgHead,2SgSubj,0SgObj,DubPrt,Pos,gaa-wanitoowambanen,gaa-<<wanit>>oowambanen,JDN-2010-MS-VTI-p39
VTI,Pcp/PVSub/gaa,VTI_aa,ayaan,ayaa,0SgHead,2SgSubj,0SgObj,Neu,Neg,gaa-ayaanziwan,gaa-<<ayaa>>nziwan,JDN-2010-MS-VTI-p28
VTI,Pcp/PVSub/gaa,VTI_am,waabandan,waaband,0SgHead,2SgSubj,0SgObj,Neu,Neg,gaa-waabandanziwan,gaa-<<waaband>>anziwan,NJ-zoom-2023Sep8; JDN-2010-MS-VTI-p28
VTI,Pcp/PVSub/gaa,VTI_i,miijin,miiji,0SgHead,2SgSubj,0SgObj,Neu,Neg,gaa-miijisiwan,gaa-<<miiji>>siwan,JDN-2010-MS-VTI-p28
VTI,Pcp/PVSub/gaa,VTI_oo,wanitoon,wanit,0SgHead,2SgSubj,0SgObj,Neu,Neg,gaa-wanitoosiwan,gaa-<<wanit>>oosiwan,JDN-2010-MS-VTI-p28
VTI,Pcp/PVSub/gaa,VTI_aa,ayaan,ayaa,0SgHead,2SgSubj,0SgObj,Neu,Pos,gaa-ayaaman,gaa-<<ayaa>>man,JDN-2010-MS-VTI-p27
VTI,Pcp/PVSub/gaa,VTI_am,waabandan,waaband,0SgHead,2SgSubj,0SgObj,Neu,Pos,gaa-waabandaman,gaa-<<waaband>>aman,NJ-zoom-2023Sep8; JDN-2010-MS-VTI-p27
VTI,Pcp/PVSub/gaa,VTI_i,miijin,miiji,0SgHead,2SgSubj,0SgObj,Neu,Pos,gaa-miijiyan,gaa-<<miiji>>yan,JDN-2010-MS-VTI-p27
VTI,Pcp/PVSub/gaa,VTI_oo,wanitoon,wanit,0SgHead,2SgSubj,0SgObj,Neu,Pos,gaa-wanitooyan,gaa-<<wanit>>ooyan,JDN-2010-MS-VTI-p27
VTI,Pcp/PVSub/gaa,VTI_aa,ayaan,ayaa,0SgHead,2SgSubj,0SgObj,Prt,Neg,MISSING,,
VTI,Pcp/PVSub/gaa,VTI_am,waabandan,waaband,0SgHead,2SgSubj,0SgObj,Prt,Neg,gaa-waabandanziwamban,gaa-<<waaband>>anziwamban,JDN-2010-MS-VTI-p32
VTI,Pcp/PVSub/gaa,VTI_i,miijin,miiji,0SgHead,2SgSubj,0SgObj,Prt,Neg,gaa-miijisiwamban,gaa-<<miiji>>siwamban,JDN-2010-MS-VTI-p32
VTI,Pcp/PVSub/gaa,VTI_oo,wanitoon,wanit,0SgHead,2SgSubj,0SgObj,Prt,Neg,gaa-wanitoosiwamban,gaa-<<wanit>>oosiwamban,JDN-2010-MS-VTI-p32
VTI,Pcp/PVSub/gaa,VTI_aa,ayaan,ayaa,0SgHead,2SgSubj,0SgObj,Prt,Pos,MISSING,,
VTI,Pcp/PVSub/gaa,VTI_am,waabandan,waaband,0SgHead,2SgSubj,0SgObj,Prt,Pos,gaa-waabandamamban,gaa-<<waaband>>amamban,JDN-2010-MS-VTI-p31
VTI,Pcp/PVSub/gaa,VTI_i,miijin,miiji,0SgHead,2SgSubj,0SgObj,Prt,Pos,gaa-miijiyamban,gaa-<<miiji>>yamban,JDN-2010-MS-VTI-p31
VTI,Pcp/PVSub/gaa,VTI_oo,wanitoon,wanit,0SgHead,2SgSubj,0SgObj,Prt,Pos,gaa-wanitooyamban,gaa-<<wanit>>ooyamban,JDN-2010-MS-VTI-p31
VTI,Pcp/PVSub/gaa,VTI_aa,ayaan,ayaa,0SgHead,3PlObvSubj,0SgObj,Dub,Neg,gaa-ayaanziinigwen,gaa-<<ayaa>>nziinigwen,GUESS
VTI,Pcp/PVSub/gaa,VTI_am,waabandan,waaband,0SgHead,3PlObvSubj,0SgObj,Dub,Neg,gaa-waabandanziinigwen,gaa-<<waaband>>anziinigwen,JDN-2010-MS-VTI-p36
VTI,Pcp/PVSub/gaa,VTI_i,miijin,miiji,0SgHead,3PlObvSubj,0SgObj,Dub,Neg,gaa-miijisiinigwen,gaa-<<miiji>>siinigwen,JDN-2010-MS-VTI-p36
VTI,Pcp/PVSub/gaa,VTI_oo,wanitoon,wanit,0SgHead,3PlObvSubj,0SgObj,Dub,Neg,gaa-wanitoosiinigwen,gaa-<<wanit>>oosiinigwen,JDN-2010-MS-VTI-p36
VTI,Pcp/PVSub/gaa,VTI_aa,ayaan,ayaa,0SgHead,3PlObvSubj,0SgObj,Dub,Pos,MISSING,,
VTI,Pcp/PVSub/gaa,VTI_am,waabandan,waaband,0SgHead,3PlObvSubj,0SgObj,Dub,Pos,gaa-waabandaminigwen,gaa-<<waaband>>aminigwen,JDN-2010-MS-VTI-p35
VTI,Pcp/PVSub/gaa,VTI_i,miijin,miiji,0SgHead,3PlObvSubj,0SgObj,Dub,Pos,gaa-miijinigwen,gaa-<<miiji>>nigwen,JDN-2010-MS-VTI-p35
VTI,Pcp/PVSub/gaa,VTI_oo,wanitoon,wanit,0SgHead,3PlObvSubj,0SgObj,Dub,Pos,gaa-wanitoonigwen,gaa-<<wanit>>oonigwen,JDN-2010-MS-VTI-p35
VTI,Pcp/PVSub/gaa,VTI_aa,ayaan,ayaa,0SgHead,3PlObvSubj,0SgObj,DubPrt,Neg,MISSING,,
VTI,Pcp/PVSub/gaa,VTI_am,waabandan,waaband,0SgHead,3PlObvSubj,0SgObj,DubPrt,Neg,gaa-waabandanziinigobanen,gaa-<<waaband>>anziinigobanen,JDN-2010-MS-VTI-p40
VTI,Pcp/PVSub/gaa,VTI_i,miijin,miiji,0SgHead,3PlObvSubj,0SgObj,DubPrt,Neg,gaa-miijisiinigobanen,gaa-<<miiji>>siinigobanen,JDN-2010-MS-VTI-p40
VTI,Pcp/PVSub/gaa,VTI_oo,wanitoon,wanit,0SgHead,3PlObvSubj,0SgObj,DubPrt,Neg,gaa-wanitoosiinigobanen,gaa-<<wanit>>oosiinigobanen,JDN-2010-MS-VTI-p40
VTI,Pcp/PVSub/gaa,VTI_aa,ayaan,ayaa,0SgHead,3PlObvSubj,0SgObj,DubPrt,Pos,MISSING,,
VTI,Pcp/PVSub/gaa,VTI_am,waabandan,waaband,0SgHead,3PlObvSubj,0SgObj,DubPrt,Pos,gaa-waabandaminigobanen,gaa-<<waaband>>aminigobanen,JDN-2010-MS-VTI-p39
VTI,Pcp/PVSub/gaa,VTI_i,miijin,miiji,0SgHead,3PlObvSubj,0SgObj,DubPrt,Pos,gaa-miijinigobanen,gaa-<<miiji>>nigobanen,JDN-2010-MS-VTI-p39
VTI,Pcp/PVSub/gaa,VTI_oo,wanitoon,wanit,0SgHead,3PlObvSubj,0SgObj,DubPrt,Pos,gaa-wanitoonigobanen,gaa-<<wanit>>oonigobanen,JDN-2010-MS-VTI-p39
VTI,Pcp/PVSub/gaa,VTI_aa,ayaan,ayaa,0SgHead,3PlObvSubj,0SgObj,Neu,Neg,gaa-ayaanzinig,gaa-<<ayaa>>nzinig,JDN-2010-MS-VTI-p28
VTI,Pcp/PVSub/gaa,VTI_am,waabandan,waaband,0SgHead,3PlObvSubj,0SgObj,Neu,Neg,gaa-waabandanzinig,gaa-<<waaband>>anzinig,NJ-zoom-2023Sep8; JDN-2010-MS-VTI-p28
VTI,Pcp/PVSub/gaa,VTI_i,miijin,miiji,0SgHead,3PlObvSubj,0SgObj,Neu,Neg,gaa-miijisinig,gaa-<<miiji>>sinig,JDN-2010-MS-VTI-p28
VTI,Pcp/PVSub/gaa,VTI_oo,wanitoon,wanit,0SgHead,3PlObvSubj,0SgObj,Neu,Neg,gaa-wanitoosinig,gaa-<<wanit>>oosinig,JDN-2010-MS-VTI-p28
VTI,Pcp/PVSub/gaa,VTI_aa,ayaan,ayaa,0SgHead,3PlObvSubj,0SgObj,Neu,Pos,gaa-ayaaminid,gaa-<<ayaa>>minid,JDN-2010-MS-VTI-p27
VTI,Pcp/PVSub/gaa,VTI_am,waabandan,waaband,0SgHead,3PlObvSubj,0SgObj,Neu,Pos,gaa-waabandaminid,gaa-<<waaband>>aminid,NJ-zoom-2023Sep8; JDN-2010-MS-VTI-p27
VTI,Pcp/PVSub/gaa,VTI_i,miijin,miiji,0SgHead,3PlObvSubj,0SgObj,Neu,Pos,gaa-miijinid,gaa-<<miiji>>nid,JDN-2010-MS-VTI-p27
VTI,Pcp/PVSub/gaa,VTI_oo,wanitoon,wanit,0SgHead,3PlObvSubj,0SgObj,Neu,Pos,gaa-wanitoonid,gaa-<<wanit>>oonid,JDN-2010-MS-VTI-p27
VTI,Pcp/PVSub/gaa,VTI_aa,ayaan,ayaa,0SgHead,3PlObvSubj,0SgObj,Prt,Neg,MISSING,,
VTI,Pcp/PVSub/gaa,VTI_am,waabandan,waaband,0SgHead,3PlObvSubj,0SgObj,Prt,Neg,gaa-waabandanzinigoban,gaa-<<waaband>>anzinigoban,JDN-2010-MS-VTI-p32
VTI,Pcp/PVSub/gaa,VTI_i,miijin,miiji,0SgHead,3PlObvSubj,0SgObj,Prt,Neg,gaa-miijisinigoban,gaa-<<miiji>>sinigoban,JDN-2010-MS-VTI-p32
VTI,Pcp/PVSub/gaa,VTI_oo,wanitoon,wanit,0SgHead,3PlObvSubj,0SgObj,Prt,Neg,gaa-wanitoosinigoban,gaa-<<wanit>>oosinigoban,JDN-2010-MS-VTI-p32
VTI,Pcp/PVSub/gaa,VTI_aa,ayaan,ayaa,0SgHead,3PlObvSubj,0SgObj,Prt,Pos,MISSING,,
VTI,Pcp/PVSub/gaa,VTI_am,waabandan,waaband,0SgHead,3PlObvSubj,0SgObj,Prt,Pos,gaa-waabandaminipan,gaa-<<waaband>>aminipan,JDN-2010-MS-VTI-p31
VTI,Pcp/PVSub/gaa,VTI_i,miijin,miiji,0SgHead,3PlObvSubj,0SgObj,Prt,Pos,gaa-miijinipan,gaa-<<miiji>>nipan,JDN-2010-MS-VTI-p31
VTI,Pcp/PVSub/gaa,VTI_oo,wanitoon,wanit,0SgHead,3PlObvSubj,0SgObj,Prt,Pos,gaa-wanitoonipan,gaa-<<wanit>>oonipan,JDN-2010-MS-VTI-p31
VTI,Pcp/PVSub/gaa,VTI_aa,ayaan,ayaa,3PlObvHead,3PlObvSubj,0SgObj,Dub,Neg,gaa-ayaanziinigwen,gaa-<<ayaa>>nziinigwen,GUESS
VTI,Pcp/PVSub/gaa,VTI_am,waabandan,waaband,3PlObvHead,3PlObvSubj,0SgObj,Dub,Neg,gaa-waabandanziinigwen,gaa-<<waaband>>anziinigwen,JDN-2010-MS-VTI-p36
VTI,Pcp/PVSub/gaa,VTI_i,miijin,miiji,3PlObvHead,3PlObvSubj,0SgObj,Dub,Neg,gaa-miijisiinigwen,gaa-<<miiji>>siinigwen,JDN-2010-MS-VTI-p36
VTI,Pcp/PVSub/gaa,VTI_oo,wanitoon,wanit,3PlObvHead,3PlObvSubj,0SgObj,Dub,Neg,gaa-wanitoosiinigwen,gaa-<<wanit>>oosiinigwen,JDN-2010-MS-VTI-p36
VTI,Pcp/PVSub/gaa,VTI_aa,ayaan,ayaa,3PlObvHead,3PlObvSubj,0SgObj,Dub,Pos,MISSING,,
VTI,Pcp/PVSub/gaa,VTI_am,waabandan,waaband,3PlObvHead,3PlObvSubj,0SgObj,Dub,Pos,gaa-waabandaminigwen,gaa-<<waaband>>aminigwen,JDN-2010-MS-VTI-p35
VTI,Pcp/PVSub/gaa,VTI_i,miijin,miiji,3PlObvHead,3PlObvSubj,0SgObj,Dub,Pos,gaa-miijinigwen,gaa-<<miiji>>nigwen,JDN-2010-MS-VTI-p35
VTI,Pcp/PVSub/gaa,VTI_oo,wanitoon,wanit,3PlObvHead,3PlObvSubj,0SgObj,Dub,Pos,gaa-wanitoonigwen,gaa-<<wanit>>oonigwen,JDN-2010-MS-VTI-p35
VTI,Pcp/PVSub/gaa,VTI_aa,ayaan,ayaa,3PlObvHead,3PlObvSubj,0SgObj,DubPrt,Neg,MISSING,,
VTI,Pcp/PVSub/gaa,VTI_am,waabandan,waaband,3PlObvHead,3PlObvSubj,0SgObj,DubPrt,Neg,gaa-waabandanziinigobanen,gaa-<<waaband>>anziinigobanen,JDN-2010-MS-VTI-p40
VTI,Pcp/PVSub/gaa,VTI_i,miijin,miiji,3PlObvHead,3PlObvSubj,0SgObj,DubPrt,Neg,gaa-miijisiinigobanen,gaa-<<miiji>>siinigobanen,JDN-2010-MS-VTI-p40
VTI,Pcp/PVSub/gaa,VTI_oo,wanitoon,wanit,3PlObvHead,3PlObvSubj,0SgObj,DubPrt,Neg,gaa-wanitoosiinigobanen,gaa-<<wanit>>oosiinigobanen,JDN-2010-MS-VTI-p40
VTI,Pcp/PVSub/gaa,VTI_aa,ayaan,ayaa,3PlObvHead,3PlObvSubj,0SgObj,DubPrt,Pos,MISSING,,
VTI,Pcp/PVSub/gaa,VTI_am,waabandan,waaband,3PlObvHead,3PlObvSubj,0SgObj,DubPrt,Pos,gaa-waabandaminigobanen,gaa-<<waaband>>aminigobanen,JDN-2010-MS-VTI-p39
VTI,Pcp/PVSub/gaa,VTI_i,miijin,miiji,3PlObvHead,3PlObvSubj,0SgObj,DubPrt,Pos,gaa-miijinigobanen,gaa-<<miiji>>nigobanen,JDN-2010-MS-VTI-p39
VTI,Pcp/PVSub/gaa,VTI_oo,wanitoon,wanit,3PlObvHead,3PlObvSubj,0SgObj,DubPrt,Pos,gaa-wanitoonigobanen,gaa-<<wanit>>oonigobanen,JDN-2010-MS-VTI-p39
VTI,Pcp/PVSub/gaa,VTI_aa,ayaan,ayaa,3PlObvHead,3PlObvSubj,0SgObj,Neu,Neg,gaa-ayaanzinig,gaa-<<ayaa>>nzinig,JDN-2010-MS-VTI-p28
VTI,Pcp/PVSub/gaa,VTI_am,waabandan,waaband,3PlObvHead,3PlObvSubj,0SgObj,Neu,Neg,gaa-waabandanzinig,gaa-<<waaband>>anzinig,NJ-zoom-2023Sep8; JDN-2010-MS-VTI-p28
VTI,Pcp/PVSub/gaa,VTI_i,miijin,miiji,3PlObvHead,3PlObvSubj,0SgObj,Neu,Neg,gaa-miijisinig,gaa-<<miiji>>sinig,JDN-2010-MS-VTI-p28
VTI,Pcp/PVSub/gaa,VTI_oo,wanitoon,wanit,3PlObvHead,3PlObvSubj,0SgObj,Neu,Neg,gaa-wanitoosinig,gaa-<<wanit>>oosinig,JDN-2010-MS-VTI-p28
VTI,Pcp/PVSub/gaa,VTI_aa,ayaan,ayaa,3PlObvHead,3PlObvSubj,0SgObj,Neu,Pos,gaa-ayaaminid,gaa-<<ayaa>>minid,JDN-2010-MS-VTI-p27
VTI,Pcp/PVSub/gaa,VTI_am,waabandan,waaband,3PlObvHead,3PlObvSubj,0SgObj,Neu,Pos,gaa-waabandaminid,gaa-<<waaband>>aminid,NJ-zoom-2023Sep8; JDN-2010-MS-VTI-p27
VTI,Pcp/PVSub/gaa,VTI_i,miijin,miiji,3PlObvHead,3PlObvSubj,0SgObj,Neu,Pos,gaa-miijinid,gaa-<<miiji>>nid,JDN-2010-MS-VTI-p27
VTI,Pcp/PVSub/gaa,VTI_oo,wanitoon,wanit,3PlObvHead,3PlObvSubj,0SgObj,Neu,Pos,gaa-wanitoonid,gaa-<<wanit>>oonid,JDN-2010-MS-VTI-p27
VTI,Pcp/PVSub/gaa,VTI_aa,ayaan,ayaa,3PlObvHead,3PlObvSubj,0SgObj,Prt,Neg,MISSING,,
VTI,Pcp/PVSub/gaa,VTI_am,waabandan,waaband,3PlObvHead,3PlObvSubj,0SgObj,Prt,Neg,gaa-waabandanzinigoban,gaa-<<waaband>>anzinigoban,JDN-2010-MS-VTI-p32
VTI,Pcp/PVSub/gaa,VTI_i,miijin,miiji,3PlObvHead,3PlObvSubj,0SgObj,Prt,Neg,gaa-miijisinigoban,gaa-<<miiji>>sinigoban,JDN-2010-MS-VTI-p32
VTI,Pcp/PVSub/gaa,VTI_oo,wanitoon,wanit,3PlObvHead,3PlObvSubj,0SgObj,Prt,Neg,gaa-wanitoosinigoban,gaa-<<wanit>>oosinigoban,JDN-2010-MS-VTI-p32
VTI,Pcp/PVSub/gaa,VTI_aa,ayaan,ayaa,3PlObvHead,3PlObvSubj,0SgObj,Prt,Pos,MISSING,,
VTI,Pcp/PVSub/gaa,VTI_am,waabandan,waaband,3PlObvHead,3PlObvSubj,0SgObj,Prt,Pos,gaa-waabandaminipan,gaa-<<waaband>>aminipan,JDN-2010-MS-VTI-p31
VTI,Pcp/PVSub/gaa,VTI_i,miijin,miiji,3PlObvHead,3PlObvSubj,0SgObj,Prt,Pos,gaa-miijinipan,gaa-<<miiji>>nipan,JDN-2010-MS-VTI-p31
VTI,Pcp/PVSub/gaa,VTI_oo,wanitoon,wanit,3PlObvHead,3PlObvSubj,0SgObj,Prt,Pos,gaa-wanitoonipan,gaa-<<wanit>>oonipan,JDN-2010-MS-VTI-p31
VTI,Pcp/PVSub/gaa,VTI_aa,ayaan,ayaa,0SgHead,3PlProxSubj,0SgObj,Dub,Neg,gaa-ayaanziiwaagwen,gaa-<<ayaa>>nziiwaagwen,GUESS
VTI,Pcp/PVSub/gaa,VTI_am,waabandan,waaband,0SgHead,3PlProxSubj,0SgObj,Dub,Neg,gaa-waabandanziiwaagwen,gaa-<<waaband>>anziiwaagwen,JDN-2010-MS-VTI-p36
VTI,Pcp/PVSub/gaa,VTI_i,miijin,miiji,0SgHead,3PlProxSubj,0SgObj,Dub,Neg,gaa-miijisiiwaagwen,gaa-<<miiji>>siiwaagwen,JDN-2010-MS-VTI-p36
VTI,Pcp/PVSub/gaa,VTI_oo,wanitoon,wanit,0SgHead,3PlProxSubj,0SgObj,Dub,Neg,gaa-wanitoosiiwaagwen,gaa-<<wanit>>oosiiwaagwen,JDN-2010-MS-VTI-p36
VTI,Pcp/PVSub/gaa,VTI_aa,ayaan,ayaa,0SgHead,3PlProxSubj,0SgObj,Dub,Pos,MISSING,,
VTI,Pcp/PVSub/gaa,VTI_am,waabandan,waaband,0SgHead,3PlProxSubj,0SgObj,Dub,Pos,gaa-waabandamowaagwen,gaa-<<waaband>>amowaagwen,JDN-2010-MS-VTI-p35
VTI,Pcp/PVSub/gaa,VTI_i,miijin,miiji,0SgHead,3PlProxSubj,0SgObj,Dub,Pos,gaa-miijiwaagwen,gaa-<<miiji>>waagwen,JDN-2010-MS-VTI-p35
VTI,Pcp/PVSub/gaa,VTI_oo,wanitoon,wanit,0SgHead,3PlProxSubj,0SgObj,Dub,Pos,gaa-wanitoowaagwen,gaa-<<wanit>>oowaagwen,JDN-2010-MS-VTI-p35
VTI,Pcp/PVSub/gaa,VTI_aa,ayaan,ayaa,0SgHead,3PlProxSubj,0SgObj,DubPrt,Neg,MISSING,,
VTI,Pcp/PVSub/gaa,VTI_am,waabandan,waaband,0SgHead,3PlProxSubj,0SgObj,DubPrt,Neg,gaa-waabandanziiwaagobanen,gaa-<<waaband>>anziiwaagobanen,JDN-2010-MS-VTI-p40
VTI,Pcp/PVSub/gaa,VTI_i,miijin,miiji,0SgHead,3PlProxSubj,0SgObj,DubPrt,Neg,gaa-miijisiiwaagobanen,gaa-<<miiji>>siiwaagobanen,JDN-2010-MS-VTI-p40
VTI,Pcp/PVSub/gaa,VTI_oo,wanitoon,wanit,0SgHead,3PlProxSubj,0SgObj,DubPrt,Neg,gaa-wanitoosiiwaagobanen,gaa-<<wanit>>oosiiwaagobanen,JDN-2010-MS-VTI-p40
VTI,Pcp/PVSub/gaa,VTI_aa,ayaan,ayaa,0SgHead,3PlProxSubj,0SgObj,DubPrt,Pos,MISSING,,
VTI,Pcp/PVSub/gaa,VTI_am,waabandan,waaband,0SgHead,3PlProxSubj,0SgObj,DubPrt,Pos,gaa-waabandamowaagobanen,gaa-<<waaband>>amowaagobanen,JDN-2010-MS-VTI-p39
VTI,Pcp/PVSub/gaa,VTI_i,miijin,miiji,0SgHead,3PlProxSubj,0SgObj,DubPrt,Pos,gaa-miijiwaagobanen,gaa-<<miiji>>waagobanen,JDN-2010-MS-VTI-p39
VTI,Pcp/PVSub/gaa,VTI_oo,wanitoon,wanit,0SgHead,3PlProxSubj,0SgObj,DubPrt,Pos,gaa-wanitoowaagobanen,gaa-<<wanit>>oowaagobanen,JDN-2010-MS-VTI-p39
VTI,Pcp/PVSub/gaa,VTI_aa,ayaan,ayaa,0SgHead,3PlProxSubj,0SgObj,Neu,Neg,gaa-ayaanzigwaa,gaa-<<ayaa>>nzigwaa,JDN-2010-MS-VTI-p28
VTI,Pcp/PVSub/gaa,VTI_am,waabandan,waaband,0SgHead,3PlProxSubj,0SgObj,Neu,Neg,gaa-waabandanzigwaa,gaa-<<waaband>>anzigwaa,NJ-zoom-2023Sep8; JDN-2010-MS-VTI-p28
VTI,Pcp/PVSub/gaa,VTI_i,miijin,miiji,0SgHead,3PlProxSubj,0SgObj,Neu,Neg,gaa-miijisigwaa,gaa-<<miiji>>sigwaa,JDN-2010-MS-VTI-p28
VTI,Pcp/PVSub/gaa,VTI_oo,wanitoon,wanit,0SgHead,3PlProxSubj,0SgObj,Neu,Neg,gaa-wanitoosigwaa,gaa-<<wanit>>oosigwaa,JDN-2010-MS-VTI-p28
VTI,Pcp/PVSub/gaa,VTI_aa,ayaan,ayaa,0SgHead,3PlProxSubj,0SgObj,Neu,Pos,gaa-ayaamowaad,gaa-<<ayaa>>mowaad,JDN-2010-MS-VTI-p27
VTI,Pcp/PVSub/gaa,VTI_am,waabandan,waaband,0SgHead,3PlProxSubj,0SgObj,Neu,Pos,gaa-waabandamowaad,gaa-<<waaband>>amowaad,NJ-zoom-2023Sep8; JDN-2010-MS-VTI-p27
VTI,Pcp/PVSub/gaa,VTI_i,miijin,miiji,0SgHead,3PlProxSubj,0SgObj,Neu,Pos,gaa-miijiwaad,gaa-<<miiji>>waad,JDN-2010-MS-VTI-p27
VTI,Pcp/PVSub/gaa,VTI_oo,wanitoon,wanit,0SgHead,3PlProxSubj,0SgObj,Neu,Pos,gaa-wanitoowaad,gaa-<<wanit>>oowaad,JDN-2010-MS-VTI-p27
VTI,Pcp/PVSub/gaa,VTI_aa,ayaan,ayaa,0SgHead,3PlProxSubj,0SgObj,Prt,Neg,MISSING,,
VTI,Pcp/PVSub/gaa,VTI_am,waabandan,waaband,0SgHead,3PlProxSubj,0SgObj,Prt,Neg,gaa-waabandanzigwaaban,gaa-<<waaband>>anzigwaaban,JDN-2010-MS-VTI-p32
VTI,Pcp/PVSub/gaa,VTI_i,miijin,miiji,0SgHead,3PlProxSubj,0SgObj,Prt,Neg,gaa-miijisigwaaban,gaa-<<miiji>>sigwaaban,JDN-2010-MS-VTI-p32
VTI,Pcp/PVSub/gaa,VTI_oo,wanitoon,wanit,0SgHead,3PlProxSubj,0SgObj,Prt,Neg,gaa-wanitoosigwaaban,gaa-<<wanit>>oosigwaaban,JDN-2010-MS-VTI-p32
VTI,Pcp/PVSub/gaa,VTI_aa,ayaan,ayaa,0SgHead,3PlProxSubj,0SgObj,Prt,Pos,MISSING,,
VTI,Pcp/PVSub/gaa,VTI_am,waabandan,waaband,0SgHead,3PlProxSubj,0SgObj,Prt,Pos,gaa-waabandamowaapan,gaa-<<waaband>>amowaapan,JDN-2010-MS-VTI-p31
VTI,Pcp/PVSub/gaa,VTI_i,miijin,miiji,0SgHead,3PlProxSubj,0SgObj,Prt,Pos,gaa-miijiwaapan,gaa-<<miiji>>waapan,JDN-2010-MS-VTI-p31
VTI,Pcp/PVSub/gaa,VTI_oo,wanitoon,wanit,0SgHead,3PlProxSubj,0SgObj,Prt,Pos,gaa-wanitoowaapan,gaa-<<wanit>>oowaapan,JDN-2010-MS-VTI-p31
VTI,Pcp/PVSub/gaa,VTI_aa,ayaan,ayaa,3PlProxHead,3PlProxSubj,0SgObj,Dub,Neg,gaa-ayaanziiwaagwen,gaa-<<ayaa>>nziiwaagwen,GUESS
VTI,Pcp/PVSub/gaa,VTI_am,waabandan,waaband,3PlProxHead,3PlProxSubj,0SgObj,Dub,Neg,gaa-waabandanziiwaagwen,gaa-<<waaband>>anziiwaagwen,JDN-2010-MS-VTI-p36
VTI,Pcp/PVSub/gaa,VTI_i,miijin,miiji,3PlProxHead,3PlProxSubj,0SgObj,Dub,Neg,gaa-miijisiiwaagwen,gaa-<<miiji>>siiwaagwen,JDN-2010-MS-VTI-p36
VTI,Pcp/PVSub/gaa,VTI_oo,wanitoon,wanit,3PlProxHead,3PlProxSubj,0SgObj,Dub,Neg,gaa-wanitoosiiwaagwen,gaa-<<wanit>>oosiiwaagwen,JDN-2010-MS-VTI-p36
VTI,Pcp/PVSub/gaa,VTI_aa,ayaan,ayaa,3PlProxHead,3PlProxSubj,0SgObj,Dub,Pos,MISSING,,
VTI,Pcp/PVSub/gaa,VTI_am,waabandan,waaband,3PlProxHead,3PlProxSubj,0SgObj,Dub,Pos,gaa-waabandamowaagwen,gaa-<<waaband>>amowaagwen,JDN-2010-MS-VTI-p35
VTI,Pcp/PVSub/gaa,VTI_i,miijin,miiji,3PlProxHead,3PlProxSubj,0SgObj,Dub,Pos,gaa-miijiwaagwen,gaa-<<miiji>>waagwen,JDN-2010-MS-VTI-p35
VTI,Pcp/PVSub/gaa,VTI_oo,wanitoon,wanit,3PlProxHead,3PlProxSubj,0SgObj,Dub,Pos,gaa-wanitoowaagwen,gaa-<<wanit>>oowaagwen,JDN-2010-MS-VTI-p35
VTI,Pcp/PVSub/gaa,VTI_aa,ayaan,ayaa,3PlProxHead,3PlProxSubj,0SgObj,DubPrt,Neg,MISSING,,
VTI,Pcp/PVSub/gaa,VTI_am,waabandan,waaband,3PlProxHead,3PlProxSubj,0SgObj,DubPrt,Neg,gaa-waabandanziiwaagobanen,gaa-<<waaband>>anziiwaagobanen,JDN-2010-MS-VTI-p40
VTI,Pcp/PVSub/gaa,VTI_i,miijin,miiji,3PlProxHead,3PlProxSubj,0SgObj,DubPrt,Neg,gaa-miijisiiwaagobanen,gaa-<<miiji>>siiwaagobanen,JDN-2010-MS-VTI-p40
VTI,Pcp/PVSub/gaa,VTI_oo,wanitoon,wanit,3PlProxHead,3PlProxSubj,0SgObj,DubPrt,Neg,gaa-wanitoosiiwaagobanen,gaa-<<wanit>>oosiiwaagobanen,JDN-2010-MS-VTI-p40
VTI,Pcp/PVSub/gaa,VTI_aa,ayaan,ayaa,3PlProxHead,3PlProxSubj,0SgObj,DubPrt,Pos,MISSING,,
VTI,Pcp/PVSub/gaa,VTI_am,waabandan,waaband,3PlProxHead,3PlProxSubj,0SgObj,DubPrt,Pos,gaa-waabandamowaagobanen,gaa-<<waaband>>amowaagobanen,JDN-2010-MS-VTI-p39
VTI,Pcp/PVSub/gaa,VTI_i,miijin,miiji,3PlProxHead,3PlProxSubj,0SgObj,DubPrt,Pos,gaa-miijiwaagobanen,gaa-<<miiji>>waagobanen,JDN-2010-MS-VTI-p39
VTI,Pcp/PVSub/gaa,VTI_oo,wanitoon,wanit,3PlProxHead,3PlProxSubj,0SgObj,DubPrt,Pos,gaa-wanitoowaagobanen,gaa-<<wanit>>oowaagobanen,JDN-2010-MS-VTI-p39
VTI,Pcp/PVSub/gaa,VTI_aa,ayaan,ayaa,3PlProxHead,3PlProxSubj,0SgObj,Neu,Neg,gaa-ayaanzigwaa,gaa-<<ayaa>>nzigwaa,JDN-2010-MS-VTI-p28
VTI,Pcp/PVSub/gaa,VTI_am,waabandan,waaband,3PlProxHead,3PlProxSubj,0SgObj,Neu,Neg,gaa-waabandanzigwaa,gaa-<<waaband>>anzigwaa,NJ-zoom-2023Sep8; JDN-2010-MS-VTI-p28
VTI,Pcp/PVSub/gaa,VTI_i,miijin,miiji,3PlProxHead,3PlProxSubj,0SgObj,Neu,Neg,gaa-miijisigwaa,gaa-<<miiji>>sigwaa,JDN-2010-MS-VTI-p28
VTI,Pcp/PVSub/gaa,VTI_oo,wanitoon,wanit,3PlProxHead,3PlProxSubj,0SgObj,Neu,Neg,gaa-wanitoosigwaa,gaa-<<wanit>>oosigwaa,JDN-2010-MS-VTI-p28
VTI,Pcp/PVSub/gaa,VTI_aa,ayaan,ayaa,3PlProxHead,3PlProxSubj,0SgObj,Neu,Pos,gaa-ayaamowaad,gaa-<<ayaa>>mowaad,JDN-2010-MS-VTI-p27
VTI,Pcp/PVSub/gaa,VTI_am,waabandan,waaband,3PlProxHead,3PlProxSubj,0SgObj,Neu,Pos,gaa-waabandamowaad,gaa-<<waaband>>amowaad,NJ-zoom-2023Sep8; JDN-2010-MS-VTI-p27
VTI,Pcp/PVSub/gaa,VTI_i,miijin,miiji,3PlProxHead,3PlProxSubj,0SgObj,Neu,Pos,gaa-miijiwaad,gaa-<<miiji>>waad,JDN-2010-MS-VTI-p27
VTI,Pcp/PVSub/gaa,VTI_oo,wanitoon,wanit,3PlProxHead,3PlProxSubj,0SgObj,Neu,Pos,gaa-wanitoowaad,gaa-<<wanit>>oowaad,JDN-2010-MS-VTI-p27
VTI,Pcp/PVSub/gaa,VTI_aa,ayaan,ayaa,3PlProxHead,3PlProxSubj,0SgObj,Prt,Neg,MISSING,,
VTI,Pcp/PVSub/gaa,VTI_am,waabandan,waaband,3PlProxHead,3PlProxSubj,0SgObj,Prt,Neg,gaa-waabandanzigwaaban,gaa-<<waaband>>anzigwaaban,JDN-2010-MS-VTI-p32
VTI,Pcp/PVSub/gaa,VTI_i,miijin,miiji,3PlProxHead,3PlProxSubj,0SgObj,Prt,Neg,gaa-miijisigwaaban,gaa-<<miiji>>sigwaaban,JDN-2010-MS-VTI-p32
VTI,Pcp/PVSub/gaa,VTI_oo,wanitoon,wanit,3PlProxHead,3PlProxSubj,0SgObj,Prt,Neg,gaa-wanitoosigwaaban,gaa-<<wanit>>oosigwaaban,JDN-2010-MS-VTI-p32
VTI,Pcp/PVSub/gaa,VTI_aa,ayaan,ayaa,3PlProxHead,3PlProxSubj,0SgObj,Prt,Pos,MISSING,,
VTI,Pcp/PVSub/gaa,VTI_am,waabandan,waaband,3PlProxHead,3PlProxSubj,0SgObj,Prt,Pos,gaa-waabandamowaapan,gaa-<<waaband>>amowaapan,JDN-2010-MS-VTI-p31
VTI,Pcp/PVSub/gaa,VTI_i,miijin,miiji,3PlProxHead,3PlProxSubj,0SgObj,Prt,Pos,gaa-miijiwaapan,gaa-<<miiji>>waapan,JDN-2010-MS-VTI-p31
VTI,Pcp/PVSub/gaa,VTI_oo,wanitoon,wanit,3PlProxHead,3PlProxSubj,0SgObj,Prt,Pos,gaa-wanitoowaapan,gaa-<<wanit>>oowaapan,JDN-2010-MS-VTI-p31
VTI,Pcp/PVSub/gaa,VTI_aa,ayaan,ayaa,0SgHead,3SgObvSubj,0SgObj,Dub,Neg,gaa-ayaanziinigwen,gaa-<<ayaa>>nziinigwen,GUESS
VTI,Pcp/PVSub/gaa,VTI_am,waabandan,waaband,0SgHead,3SgObvSubj,0SgObj,Dub,Neg,gaa-waabandanziinigwen,gaa-<<waaband>>anziinigwen,JDN-2010-MS-VTI-p36
VTI,Pcp/PVSub/gaa,VTI_i,miijin,miiji,0SgHead,3SgObvSubj,0SgObj,Dub,Neg,gaa-miijisiinigwen,gaa-<<miiji>>siinigwen,JDN-2010-MS-VTI-p36
VTI,Pcp/PVSub/gaa,VTI_oo,wanitoon,wanit,0SgHead,3SgObvSubj,0SgObj,Dub,Neg,gaa-wanitoosiinigwen,gaa-<<wanit>>oosiinigwen,JDN-2010-MS-VTI-p36
VTI,Pcp/PVSub/gaa,VTI_aa,ayaan,ayaa,0SgHead,3SgObvSubj,0SgObj,Dub,Pos,MISSING,,
VTI,Pcp/PVSub/gaa,VTI_am,waabandan,waaband,0SgHead,3SgObvSubj,0SgObj,Dub,Pos,gaa-waabandaminigwen,gaa-<<waaband>>aminigwen,JDN-2010-MS-VTI-p35
VTI,Pcp/PVSub/gaa,VTI_i,miijin,miiji,0SgHead,3SgObvSubj,0SgObj,Dub,Pos,gaa-miijinigwen,gaa-<<miiji>>nigwen,JDN-2010-MS-VTI-p35
VTI,Pcp/PVSub/gaa,VTI_oo,wanitoon,wanit,0SgHead,3SgObvSubj,0SgObj,Dub,Pos,gaa-wanitoonigwen,gaa-<<wanit>>oonigwen,JDN-2010-MS-VTI-p35
VTI,Pcp/PVSub/gaa,VTI_aa,ayaan,ayaa,0SgHead,3SgObvSubj,0SgObj,DubPrt,Neg,MISSING,,
VTI,Pcp/PVSub/gaa,VTI_am,waabandan,waaband,0SgHead,3SgObvSubj,0SgObj,DubPrt,Neg,gaa-waabandanziinigobanen,gaa-<<waaband>>anziinigobanen,JDN-2010-MS-VTI-p40
VTI,Pcp/PVSub/gaa,VTI_i,miijin,miiji,0SgHead,3SgObvSubj,0SgObj,DubPrt,Neg,gaa-miijisiinigobanen,gaa-<<miiji>>siinigobanen,JDN-2010-MS-VTI-p40
VTI,Pcp/PVSub/gaa,VTI_oo,wanitoon,wanit,0SgHead,3SgObvSubj,0SgObj,DubPrt,Neg,gaa-wanitoosiinigobanen,gaa-<<wanit>>oosiinigobanen,JDN-2010-MS-VTI-p40
VTI,Pcp/PVSub/gaa,VTI_aa,ayaan,ayaa,0SgHead,3SgObvSubj,0SgObj,DubPrt,Pos,MISSING,,
VTI,Pcp/PVSub/gaa,VTI_am,waabandan,waaband,0SgHead,3SgObvSubj,0SgObj,DubPrt,Pos,gaa-waabandaminigobanen,gaa-<<waaband>>aminigobanen,JDN-2010-MS-VTI-p39
VTI,Pcp/PVSub/gaa,VTI_i,miijin,miiji,0SgHead,3SgObvSubj,0SgObj,DubPrt,Pos,gaa-miijinigobanen,gaa-<<miiji>>nigobanen,JDN-2010-MS-VTI-p39
VTI,Pcp/PVSub/gaa,VTI_oo,wanitoon,wanit,0SgHead,3SgObvSubj,0SgObj,DubPrt,Pos,gaa-wanitoonigobanen,gaa-<<wanit>>oonigobanen,JDN-2010-MS-VTI-p39
VTI,Pcp/PVSub/gaa,VTI_aa,ayaan,ayaa,0SgHead,3SgObvSubj,0SgObj,Neu,Neg,gaa-ayaanzinig,gaa-<<ayaa>>nzinig,JDN-2010-MS-VTI-p28
VTI,Pcp/PVSub/gaa,VTI_am,waabandan,waaband,0SgHead,3SgObvSubj,0SgObj,Neu,Neg,gaa-waabandanzinig,gaa-<<waaband>>anzinig,NJ-zoom-2023Sep8; JDN-2010-MS-VTI-p28
VTI,Pcp/PVSub/gaa,VTI_i,miijin,miiji,0SgHead,3SgObvSubj,0SgObj,Neu,Neg,gaa-miijisinig,gaa-<<miiji>>sinig,JDN-2010-MS-VTI-p28
VTI,Pcp/PVSub/gaa,VTI_oo,wanitoon,wanit,0SgHead,3SgObvSubj,0SgObj,Neu,Neg,gaa-wanitoosinig,gaa-<<wanit>>oosinig,JDN-2010-MS-VTI-p28
VTI,Pcp/PVSub/gaa,VTI_aa,ayaan,ayaa,0SgHead,3SgObvSubj,0SgObj,Neu,Pos,gaa-ayaaminid,gaa-<<ayaa>>minid,JDN-2010-MS-VTI-p27
VTI,Pcp/PVSub/gaa,VTI_am,waabandan,waaband,0SgHead,3SgObvSubj,0SgObj,Neu,Pos,gaa-waabandaminid,gaa-<<waaband>>aminid,NJ-zoom-2023Sep8; JDN-2010-MS-VTI-p27
VTI,Pcp/PVSub/gaa,VTI_i,miijin,miiji,0SgHead,3SgObvSubj,0SgObj,Neu,Pos,gaa-miijinid,gaa-<<miiji>>nid,JDN-2010-MS-VTI-p27
VTI,Pcp/PVSub/gaa,VTI_oo,wanitoon,wanit,0SgHead,3SgObvSubj,0SgObj,Neu,Pos,gaa-wanitoonid,gaa-<<wanit>>oonid,JDN-2010-MS-VTI-p27
VTI,Pcp/PVSub/gaa,VTI_aa,ayaan,ayaa,0SgHead,3SgObvSubj,0SgObj,Prt,Neg,MISSING,,
VTI,Pcp/PVSub/gaa,VTI_am,waabandan,waaband,0SgHead,3SgObvSubj,0SgObj,Prt,Neg,gaa-waabandanzinigoban,gaa-<<waaband>>anzinigoban,JDN-2010-MS-VTI-p32
VTI,Pcp/PVSub/gaa,VTI_i,miijin,miiji,0SgHead,3SgObvSubj,0SgObj,Prt,Neg,gaa-miijisinigoban,gaa-<<miiji>>sinigoban,JDN-2010-MS-VTI-p32
VTI,Pcp/PVSub/gaa,VTI_oo,wanitoon,wanit,0SgHead,3SgObvSubj,0SgObj,Prt,Neg,gaa-wanitoosinigoban,gaa-<<wanit>>oosinigoban,JDN-2010-MS-VTI-p32
VTI,Pcp/PVSub/gaa,VTI_aa,ayaan,ayaa,0SgHead,3SgObvSubj,0SgObj,Prt,Pos,MISSING,,
VTI,Pcp/PVSub/gaa,VTI_am,waabandan,waaband,0SgHead,3SgObvSubj,0SgObj,Prt,Pos,gaa-waabandaminipan,gaa-<<waaband>>aminipan,JDN-2010-MS-VTI-p31
VTI,Pcp/PVSub/gaa,VTI_i,miijin,miiji,0SgHead,3SgObvSubj,0SgObj,Prt,Pos,gaa-miijinipan,gaa-<<miiji>>nipan,JDN-2010-MS-VTI-p31
VTI,Pcp/PVSub/gaa,VTI_oo,wanitoon,wanit,0SgHead,3SgObvSubj,0SgObj,Prt,Pos,gaa-wanitoonipan,gaa-<<wanit>>oonipan,JDN-2010-MS-VTI-p31
VTI,Pcp/PVSub/gaa,VTI_aa,ayaan,ayaa,3SgObvHead,3SgObvSubj,0SgObj,Dub,Neg,gaa-ayaanziinigwen,gaa-<<ayaa>>nziinigwen,GUESS
VTI,Pcp/PVSub/gaa,VTI_am,waabandan,waaband,3SgObvHead,3SgObvSubj,0SgObj,Dub,Neg,gaa-waabandanziinigwen,gaa-<<waaband>>anziinigwen,JDN-2010-MS-VTI-p36
VTI,Pcp/PVSub/gaa,VTI_i,miijin,miiji,3SgObvHead,3SgObvSubj,0SgObj,Dub,Neg,gaa-miijisiinigwen,gaa-<<miiji>>siinigwen,JDN-2010-MS-VTI-p36
VTI,Pcp/PVSub/gaa,VTI_oo,wanitoon,wanit,3SgObvHead,3SgObvSubj,0SgObj,Dub,Neg,gaa-wanitoosiinigwen,gaa-<<wanit>>oosiinigwen,JDN-2010-MS-VTI-p36
VTI,Pcp/PVSub/gaa,VTI_aa,ayaan,ayaa,3SgObvHead,3SgObvSubj,0SgObj,Dub,Pos,MISSING,,
VTI,Pcp/PVSub/gaa,VTI_am,waabandan,waaband,3SgObvHead,3SgObvSubj,0SgObj,Dub,Pos,gaa-waabandaminigwen,gaa-<<waaband>>aminigwen,JDN-2010-MS-VTI-p35
VTI,Pcp/PVSub/gaa,VTI_i,miijin,miiji,3SgObvHead,3SgObvSubj,0SgObj,Dub,Pos,gaa-miijinigwen,gaa-<<miiji>>nigwen,JDN-2010-MS-VTI-p35
VTI,Pcp/PVSub/gaa,VTI_oo,wanitoon,wanit,3SgObvHead,3SgObvSubj,0SgObj,Dub,Pos,gaa-wanitoonigwen,gaa-<<wanit>>oonigwen,JDN-2010-MS-VTI-p35
VTI,Pcp/PVSub/gaa,VTI_aa,ayaan,ayaa,3SgObvHead,3SgObvSubj,0SgObj,DubPrt,Neg,MISSING,,
VTI,Pcp/PVSub/gaa,VTI_am,waabandan,waaband,3SgObvHead,3SgObvSubj,0SgObj,DubPrt,Neg,gaa-waabandanziinigobanen,gaa-<<waaband>>anziinigobanen,JDN-2010-MS-VTI-p40
VTI,Pcp/PVSub/gaa,VTI_i,miijin,miiji,3SgObvHead,3SgObvSubj,0SgObj,DubPrt,Neg,gaa-miijisiinigobanen,gaa-<<miiji>>siinigobanen,JDN-2010-MS-VTI-p40
VTI,Pcp/PVSub/gaa,VTI_oo,wanitoon,wanit,3SgObvHead,3SgObvSubj,0SgObj,DubPrt,Neg,gaa-wanitoosiinigobanen,gaa-<<wanit>>oosiinigobanen,JDN-2010-MS-VTI-p40
VTI,Pcp/PVSub/gaa,VTI_aa,ayaan,ayaa,3SgObvHead,3SgObvSubj,0SgObj,DubPrt,Pos,MISSING,,
VTI,Pcp/PVSub/gaa,VTI_am,waabandan,waaband,3SgObvHead,3SgObvSubj,0SgObj,DubPrt,Pos,gaa-waabandaminigobanen,gaa-<<waaband>>aminigobanen,JDN-2010-MS-VTI-p39
VTI,Pcp/PVSub/gaa,VTI_i,miijin,miiji,3SgObvHead,3SgObvSubj,0SgObj,DubPrt,Pos,gaa-miijinigobanen,gaa-<<miiji>>nigobanen,JDN-2010-MS-VTI-p39
VTI,Pcp/PVSub/gaa,VTI_oo,wanitoon,wanit,3SgObvHead,3SgObvSubj,0SgObj,DubPrt,Pos,gaa-wanitoonigobanen,gaa-<<wanit>>oonigobanen,JDN-2010-MS-VTI-p39
VTI,Pcp/PVSub/gaa,VTI_aa,ayaan,ayaa,3SgObvHead,3SgObvSubj,0SgObj,Neu,Neg,gaa-ayaanzinig,gaa-<<ayaa>>nzinig,JDN-2010-MS-VTI-p28
VTI,Pcp/PVSub/gaa,VTI_am,waabandan,waaband,3SgObvHead,3SgObvSubj,0SgObj,Neu,Neg,gaa-waabandanzinig,gaa-<<waaband>>anzinig,NJ-zoom-2023Sep8; JDN-2010-MS-VTI-p28
VTI,Pcp/PVSub/gaa,VTI_i,miijin,miiji,3SgObvHead,3SgObvSubj,0SgObj,Neu,Neg,gaa-miijisinig,gaa-<<miiji>>sinig,JDN-2010-MS-VTI-p28
VTI,Pcp/PVSub/gaa,VTI_oo,wanitoon,wanit,3SgObvHead,3SgObvSubj,0SgObj,Neu,Neg,gaa-wanitoosinig,gaa-<<wanit>>oosinig,JDN-2010-MS-VTI-p28
VTI,Pcp/PVSub/gaa,VTI_aa,ayaan,ayaa,3SgObvHead,3SgObvSubj,0SgObj,Neu,Pos,gaa-ayaaminid,gaa-<<ayaa>>minid,JDN-2010-MS-VTI-p27
VTI,Pcp/PVSub/gaa,VTI_am,waabandan,waaband,3SgObvHead,3SgObvSubj,0SgObj,Neu,Pos,gaa-waabandaminid,gaa-<<waaband>>aminid,NJ-zoom-2023Sep8; JDN-2010-MS-VTI-p27
VTI,Pcp/PVSub/gaa,VTI_i,miijin,miiji,3SgObvHead,3SgObvSubj,0SgObj,Neu,Pos,gaa-miijinid,gaa-<<miiji>>nid,JDN-2010-MS-VTI-p27
VTI,Pcp/PVSub/gaa,VTI_oo,wanitoon,wanit,3SgObvHead,3SgObvSubj,0SgObj,Neu,Pos,gaa-wanitoonid,gaa-<<wanit>>oonid,JDN-2010-MS-VTI-p27
VTI,Pcp/PVSub/gaa,VTI_aa,ayaan,ayaa,3SgObvHead,3SgObvSubj,0SgObj,Prt,Neg,MISSING,,
VTI,Pcp/PVSub/gaa,VTI_am,waabandan,waaband,3SgObvHead,3SgObvSubj,0SgObj,Prt,Neg,gaa-waabandanzinigoban,gaa-<<waaband>>anzinigoban,JDN-2010-MS-VTI-p32
VTI,Pcp/PVSub/gaa,VTI_i,miijin,miiji,3SgObvHead,3SgObvSubj,0SgObj,Prt,Neg,gaa-miijisinigoban,gaa-<<miiji>>sinigoban,JDN-2010-MS-VTI-p32
VTI,Pcp/PVSub/gaa,VTI_oo,wanitoon,wanit,3SgObvHead,3SgObvSubj,0SgObj,Prt,Neg,gaa-wanitoosinigoban,gaa-<<wanit>>oosinigoban,JDN-2010-MS-VTI-p32
VTI,Pcp/PVSub/gaa,VTI_aa,ayaan,ayaa,3SgObvHead,3SgObvSubj,0SgObj,Prt,Pos,MISSING,,
VTI,Pcp/PVSub/gaa,VTI_am,waabandan,waaband,3SgObvHead,3SgObvSubj,0SgObj,Prt,Pos,gaa-waabandaminipan,gaa-<<waaband>>aminipan,JDN-2010-MS-VTI-p31
VTI,Pcp/PVSub/gaa,VTI_i,miijin,miiji,3SgObvHead,3SgObvSubj,0SgObj,Prt,Pos,gaa-miijinipan,gaa-<<miiji>>nipan,JDN-2010-MS-VTI-p31
VTI,Pcp/PVSub/gaa,VTI_oo,wanitoon,wanit,3SgObvHead,3SgObvSubj,0SgObj,Prt,Pos,gaa-wanitoonipan,gaa-<<wanit>>oonipan,JDN-2010-MS-VTI-p31
VTI,Pcp/PVSub/gaa,VTI_aa,ayaan,ayaa,0SgHead,3SgProxSubj,0SgObj,Dub,Neg,gaa-ayaanziigwen,gaa-<<ayaa>>nziigwen,GUESS
VTI,Pcp/PVSub/gaa,VTI_am,waabandan,waaband,0SgHead,3SgProxSubj,0SgObj,Dub,Neg,gaa-waabandanziigwen,gaa-<<waaband>>anziigwen,JDN-2010-MS-VTI-p36
VTI,Pcp/PVSub/gaa,VTI_i,miijin,miiji,0SgHead,3SgProxSubj,0SgObj,Dub,Neg,gaa-miijisiigwen,gaa-<<miiji>>siigwen,JDN-2010-MS-VTI-p36
VTI,Pcp/PVSub/gaa,VTI_oo,wanitoon,wanit,0SgHead,3SgProxSubj,0SgObj,Dub,Neg,gaa-wanitoosiigwen,gaa-<<wanit>>oosiigwen,JDN-2010-MS-VTI-p36
VTI,Pcp/PVSub/gaa,VTI_aa,ayaan,ayaa,0SgHead,3SgProxSubj,0SgObj,Dub,Pos,MISSING,,
VTI,Pcp/PVSub/gaa,VTI_am,waabandan,waaband,0SgHead,3SgProxSubj,0SgObj,Dub,Pos,gaa-waabandamogwen,gaa-<<waaband>>amogwen,JDN-2010-MS-VTI-p35
VTI,Pcp/PVSub/gaa,VTI_i,miijin,miiji,0SgHead,3SgProxSubj,0SgObj,Dub,Pos,gaa-miijigwen,gaa-<<miiji>>gwen,JDN-2010-MS-VTI-p35
VTI,Pcp/PVSub/gaa,VTI_oo,wanitoon,wanit,0SgHead,3SgProxSubj,0SgObj,Dub,Pos,gaa-wanitoogwen,gaa-<<wanit>>oogwen,JDN-2010-MS-VTI-p35
VTI,Pcp/PVSub/gaa,VTI_aa,ayaan,ayaa,0SgHead,3SgProxSubj,0SgObj,DubPrt,Neg,MISSING,,
VTI,Pcp/PVSub/gaa,VTI_am,waabandan,waaband,0SgHead,3SgProxSubj,0SgObj,DubPrt,Neg,gaa-waabandanziigobanen,gaa-<<waaband>>anziigobanen,JDN-2010-MS-VTI-p40
VTI,Pcp/PVSub/gaa,VTI_i,miijin,miiji,0SgHead,3SgProxSubj,0SgObj,DubPrt,Neg,gaa-miijisiigobanen,gaa-<<miiji>>siigobanen,JDN-2010-MS-VTI-p40
VTI,Pcp/PVSub/gaa,VTI_oo,wanitoon,wanit,0SgHead,3SgProxSubj,0SgObj,DubPrt,Neg,gaa-wanitoosiigobanen,gaa-<<wanit>>oosiigobanen,JDN-2010-MS-VTI-p40
VTI,Pcp/PVSub/gaa,VTI_aa,ayaan,ayaa,0SgHead,3SgProxSubj,0SgObj,DubPrt,Pos,MISSING,,
VTI,Pcp/PVSub/gaa,VTI_am,waabandan,waaband,0SgHead,3SgProxSubj,0SgObj,DubPrt,Pos,gaa-waabandamogobanen,gaa-<<waaband>>amogobanen,JDN-2010-MS-VTI-p39
VTI,Pcp/PVSub/gaa,VTI_i,miijin,miiji,0SgHead,3SgProxSubj,0SgObj,DubPrt,Pos,gaa-miijigobanen,gaa-<<miiji>>gobanen,JDN-2010-MS-VTI-p39
VTI,Pcp/PVSub/gaa,VTI_oo,wanitoon,wanit,0SgHead,3SgProxSubj,0SgObj,DubPrt,Pos,gaa-wanitoogobanen,gaa-<<wanit>>oogobanen,JDN-2010-MS-VTI-p39
VTI,Pcp/PVSub/gaa,VTI_aa,ayaan,ayaa,0SgHead,3SgProxSubj,0SgObj,Neu,Neg,gaa-ayaanzig,gaa-<<ayaa>>nzig,JDN-2010-MS-VTI-p28
VTI,Pcp/PVSub/gaa,VTI_am,waabandan,waaband,0SgHead,3SgProxSubj,0SgObj,Neu,Neg,gaa-waabandanzig,gaa-<<waaband>>anzig,NJ-zoom-2023Sep8; JDN-2010-MS-VTI-p28
VTI,Pcp/PVSub/gaa,VTI_i,miijin,miiji,0SgHead,3SgProxSubj,0SgObj,Neu,Neg,gaa-miijisig,gaa-<<miiji>>sig,JDN-2010-MS-VTI-p28
VTI,Pcp/PVSub/gaa,VTI_oo,wanitoon,wanit,0SgHead,3SgProxSubj,0SgObj,Neu,Neg,gaa-wanitoosig,gaa-<<wanit>>oosig,JDN-2010-MS-VTI-p28
VTI,Pcp/PVSub/gaa,VTI_aa,ayaan,ayaa,0SgHead,3SgProxSubj,0SgObj,Neu,Pos,gaa-ayaang,gaa-<<ayaa>>ng,JDN-2010-MS-VTI-p27
VTI,Pcp/PVSub/gaa,VTI_am,waabandan,waaband,0SgHead,3SgProxSubj,0SgObj,Neu,Pos,gaa-waabandang,gaa-<<waaband>>ang,NJ-zoom-2023Sep8; JDN-2010-MS-VTI-p27
VTI,Pcp/PVSub/gaa,VTI_i,miijin,miiji,0SgHead,3SgProxSubj,0SgObj,Neu,Pos,gaa-miijid,gaa-<<miiji>>d,JDN-2010-MS-VTI-p27
VTI,Pcp/PVSub/gaa,VTI_oo,wanitoon,wanit,0SgHead,3SgProxSubj,0SgObj,Neu,Pos,gaa-wanitood,gaa-<<wanit>>ood,JDN-2010-MS-VTI-p27
VTI,Pcp/PVSub/gaa,VTI_aa,ayaan,ayaa,0SgHead,3SgProxSubj,0SgObj,Prt,Neg,MISSING,,
VTI,Pcp/PVSub/gaa,VTI_am,waabandan,waaband,0SgHead,3SgProxSubj,0SgObj,Prt,Neg,gaa-waabandanzigoban,gaa-<<waaband>>anzigoban,JDN-2010-MS-VTI-p32
VTI,Pcp/PVSub/gaa,VTI_i,miijin,miiji,0SgHead,3SgProxSubj,0SgObj,Prt,Neg,gaa-miijisigoban,gaa-<<miiji>>sigoban,JDN-2010-MS-VTI-p32
VTI,Pcp/PVSub/gaa,VTI_oo,wanitoon,wanit,0SgHead,3SgProxSubj,0SgObj,Prt,Neg,gaa-wanitoosigoban,gaa-<<wanit>>oosigoban,JDN-2010-MS-VTI-p32
VTI,Pcp/PVSub/gaa,VTI_aa,ayaan,ayaa,0SgHead,3SgProxSubj,0SgObj,Prt,Pos,MISSING,,
VTI,Pcp/PVSub/gaa,VTI_am,waabandan,waaband,0SgHead,3SgProxSubj,0SgObj,Prt,Pos,gaa-waabandangiban,gaa-<<waaband>>angiban,JDN-2010-MS-VTI-p31
VTI,Pcp/PVSub/gaa,VTI_i,miijin,miiji,0SgHead,3SgProxSubj,0SgObj,Prt,Pos,gaa-miijipan,gaa-<<miiji>>pan,JDN-2010-MS-VTI-p31
VTI,Pcp/PVSub/gaa,VTI_oo,wanitoon,wanit,0SgHead,3SgProxSubj,0SgObj,Prt,Pos,gaa-wanitoopan,gaa-<<wanit>>oopan,JDN-2010-MS-VTI-p31
VTI,Pcp/PVSub/gaa,VTI_aa,ayaan,ayaa,3SgProxHead,3SgProxSubj,0SgObj,Dub,Neg,gaa-ayaanziigwen,gaa-<<ayaa>>nziigwen,GUESS
VTI,Pcp/PVSub/gaa,VTI_am,waabandan,waaband,3SgProxHead,3SgProxSubj,0SgObj,Dub,Neg,gaa-waabandanziigwen,gaa-<<waaband>>anziigwen,JDN-2010-MS-VTI-p36
VTI,Pcp/PVSub/gaa,VTI_i,miijin,miiji,3SgProxHead,3SgProxSubj,0SgObj,Dub,Neg,gaa-miijisiigwen,gaa-<<miiji>>siigwen,JDN-2010-MS-VTI-p36
VTI,Pcp/PVSub/gaa,VTI_oo,wanitoon,wanit,3SgProxHead,3SgProxSubj,0SgObj,Dub,Neg,gaa-wanitoosiigwen,gaa-<<wanit>>oosiigwen,JDN-2010-MS-VTI-p36
VTI,Pcp/PVSub/gaa,VTI_aa,ayaan,ayaa,3SgProxHead,3SgProxSubj,0SgObj,Dub,Pos,MISSING,,
VTI,Pcp/PVSub/gaa,VTI_am,waabandan,waaband,3SgProxHead,3SgProxSubj,0SgObj,Dub,Pos,gaa-waabandamogwen,gaa-<<waaband>>amogwen,JDN-2010-MS-VTI-p35
VTI,Pcp/PVSub/gaa,VTI_i,miijin,miiji,3SgProxHead,3SgProxSubj,0SgObj,Dub,Pos,gaa-miijigwen,gaa-<<miiji>>gwen,JDN-2010-MS-VTI-p35
VTI,Pcp/PVSub/gaa,VTI_oo,wanitoon,wanit,3SgProxHead,3SgProxSubj,0SgObj,Dub,Pos,gaa-wanitoogwen,gaa-<<wanit>>oogwen,JDN-2010-MS-VTI-p35
VTI,Pcp/PVSub/gaa,VTI_aa,ayaan,ayaa,3SgProxHead,3SgProxSubj,0SgObj,DubPrt,Neg,MISSING,,
VTI,Pcp/PVSub/gaa,VTI_am,waabandan,waaband,3SgProxHead,3SgProxSubj,0SgObj,DubPrt,Neg,gaa-waabandanziigobanen,gaa-<<waaband>>anziigobanen,JDN-2010-MS-VTI-p40
VTI,Pcp/PVSub/gaa,VTI_i,miijin,miiji,3SgProxHead,3SgProxSubj,0SgObj,DubPrt,Neg,gaa-miijisiigobanen,gaa-<<miiji>>siigobanen,JDN-2010-MS-VTI-p40
VTI,Pcp/PVSub/gaa,VTI_oo,wanitoon,wanit,3SgProxHead,3SgProxSubj,0SgObj,DubPrt,Neg,gaa-wanitoosiigobanen,gaa-<<wanit>>oosiigobanen,JDN-2010-MS-VTI-p40
VTI,Pcp/PVSub/gaa,VTI_aa,ayaan,ayaa,3SgProxHead,3SgProxSubj,0SgObj,DubPrt,Pos,MISSING,,
VTI,Pcp/PVSub/gaa,VTI_am,waabandan,waaband,3SgProxHead,3SgProxSubj,0SgObj,DubPrt,Pos,gaa-waabandamogobanen,gaa-<<waaband>>amogobanen,JDN-2010-MS-VTI-p39
VTI,Pcp/PVSub/gaa,VTI_i,miijin,miiji,3SgProxHead,3SgProxSubj,0SgObj,DubPrt,Pos,gaa-miijigobanen,gaa-<<miiji>>gobanen,JDN-2010-MS-VTI-p39
VTI,Pcp/PVSub/gaa,VTI_oo,wanitoon,wanit,3SgProxHead,3SgProxSubj,0SgObj,DubPrt,Pos,gaa-wanitoogobanen,gaa-<<wanit>>oogobanen,JDN-2010-MS-VTI-p39
VTI,Pcp/PVSub/gaa,VTI_aa,ayaan,ayaa,3SgProxHead,3SgProxSubj,0SgObj,Neu,Neg,gaa-ayaanzig,gaa-<<ayaa>>nzig,JDN-2010-MS-VTI-p28
VTI,Pcp/PVSub/gaa,VTI_am,waabandan,waaband,3SgProxHead,3SgProxSubj,0SgObj,Neu,Neg,gaa-waabandanzig,gaa-<<waaband>>anzig,NJ-zoom-2023Sep8; JDN-2010-MS-VTI-p28
VTI,Pcp/PVSub/gaa,VTI_i,miijin,miiji,3SgProxHead,3SgProxSubj,0SgObj,Neu,Neg,gaa-miijisig,gaa-<<miiji>>sig,JDN-2010-MS-VTI-p28
VTI,Pcp/PVSub/gaa,VTI_oo,wanitoon,wanit,3SgProxHead,3SgProxSubj,0SgObj,Neu,Neg,gaa-wanitoosig,gaa-<<wanit>>oosig,JDN-2010-MS-VTI-p28
VTI,Pcp/PVSub/gaa,VTI_aa,ayaan,ayaa,3SgProxHead,3SgProxSubj,0SgObj,Neu,Pos,gaa-ayaang,gaa-<<ayaa>>ng,JDN-2010-MS-VTI-p27
VTI,Pcp/PVSub/gaa,VTI_am,waabandan,waaband,3SgProxHead,3SgProxSubj,0SgObj,Neu,Pos,gaa-waabandang,gaa-<<waaband>>ang,NJ-zoom-2023Sep8; JDN-2010-MS-VTI-p27
VTI,Pcp/PVSub/gaa,VTI_i,miijin,miiji,3SgProxHead,3SgProxSubj,0SgObj,Neu,Pos,gaa-miijid,gaa-<<miiji>>d,JDN-2010-MS-VTI-p27
VTI,Pcp/PVSub/gaa,VTI_oo,wanitoon,wanit,3SgProxHead,3SgProxSubj,0SgObj,Neu,Pos,gaa-wanitood,gaa-<<wanit>>ood,JDN-2010-MS-VTI-p27
VTI,Pcp/PVSub/gaa,VTI_aa,ayaan,ayaa,3SgProxHead,3SgProxSubj,0SgObj,Prt,Neg,MISSING,,
VTI,Pcp/PVSub/gaa,VTI_am,waabandan,waaband,3SgProxHead,3SgProxSubj,0SgObj,Prt,Neg,gaa-waabandanzigoban,gaa-<<waaband>>anzigoban,JDN-2010-MS-VTI-p32
VTI,Pcp/PVSub/gaa,VTI_i,miijin,miiji,3SgProxHead,3SgProxSubj,0SgObj,Prt,Neg,gaa-miijisigoban,gaa-<<miiji>>sigoban,JDN-2010-MS-VTI-p32
VTI,Pcp/PVSub/gaa,VTI_oo,wanitoon,wanit,3SgProxHead,3SgProxSubj,0SgObj,Prt,Neg,gaa-wanitoosigoban,gaa-<<wanit>>oosigoban,JDN-2010-MS-VTI-p32
VTI,Pcp/PVSub/gaa,VTI_aa,ayaan,ayaa,3SgProxHead,3SgProxSubj,0SgObj,Prt,Pos,MISSING,,
VTI,Pcp/PVSub/gaa,VTI_am,waabandan,waaband,3SgProxHead,3SgProxSubj,0SgObj,Prt,Pos,gaa-waabandangiban,gaa-<<waaband>>angiban,JDN-2010-MS-VTI-p31
VTI,Pcp/PVSub/gaa,VTI_i,miijin,miiji,3SgProxHead,3SgProxSubj,0SgObj,Prt,Pos,gaa-miijipan,gaa-<<miiji>>pan,JDN-2010-MS-VTI-p31
VTI,Pcp/PVSub/gaa,VTI_oo,wanitoon,wanit,3SgProxHead,3SgProxSubj,0SgObj,Prt,Pos,gaa-wanitoopan,gaa-<<wanit>>oopan,JDN-2010-MS-VTI-p31
VTI,Pcp/PVSub/gaa,VTI_aa,ayaan,ayaa,0SgHead,ExclSubj,0SgObj,Dub,Neg,gaa-ayaanziiwaangen,gaa-<<ayaa>>nziiwaangen,GUESS
VTI,Pcp/PVSub/gaa,VTI_am,waabandan,waaband,0SgHead,ExclSubj,0SgObj,Dub,Neg,gaa-waabandanziiwaangen,gaa-<<waaband>>anziiwaangen,JDN-2010-MS-VTI-p36
VTI,Pcp/PVSub/gaa,VTI_i,miijin,miiji,0SgHead,ExclSubj,0SgObj,Dub,Neg,gaa-miijisiiwaangen,gaa-<<miiji>>siiwaangen,JDN-2010-MS-VTI-p36
VTI,Pcp/PVSub/gaa,VTI_oo,wanitoon,wanit,0SgHead,ExclSubj,0SgObj,Dub,Neg,gaa-wanitoosiiwaangen,gaa-<<wanit>>oosiiwaangen,JDN-2010-MS-VTI-p36
VTI,Pcp/PVSub/gaa,VTI_aa,ayaan,ayaa,0SgHead,ExclSubj,0SgObj,Dub,Pos,MISSING,,
VTI,Pcp/PVSub/gaa,VTI_am,waabandan,waaband,0SgHead,ExclSubj,0SgObj,Dub,Pos,gaa-waabandamowaangen,gaa-<<waaband>>amowaangen,JDN-2010-MS-VTI-p35
VTI,Pcp/PVSub/gaa,VTI_i,miijin,miiji,0SgHead,ExclSubj,0SgObj,Dub,Pos,gaa-miijiwaangen,gaa-<<miiji>>waangen,JDN-2010-MS-VTI-p35
VTI,Pcp/PVSub/gaa,VTI_oo,wanitoon,wanit,0SgHead,ExclSubj,0SgObj,Dub,Pos,gaa-wanitoowaangen,gaa-<<wanit>>oowaangen,JDN-2010-MS-VTI-p35
VTI,Pcp/PVSub/gaa,VTI_aa,ayaan,ayaa,0SgHead,ExclSubj,0SgObj,DubPrt,Neg,MISSING,,
VTI,Pcp/PVSub/gaa,VTI_am,waabandan,waaband,0SgHead,ExclSubj,0SgObj,DubPrt,Neg,gaa-waabandanziiwaangibanen,gaa-<<waaband>>anziiwaangibanen,JDN-2010-MS-VTI-p40
VTI,Pcp/PVSub/gaa,VTI_i,miijin,miiji,0SgHead,ExclSubj,0SgObj,DubPrt,Neg,gaa-miijisiiwaangibanen,gaa-<<miiji>>siiwaangibanen,JDN-2010-MS-VTI-p40
VTI,Pcp/PVSub/gaa,VTI_oo,wanitoon,wanit,0SgHead,ExclSubj,0SgObj,DubPrt,Neg,gaa-wanitoosiiwaangibanen,gaa-<<wanit>>oosiiwaangibanen,JDN-2010-MS-VTI-p40
VTI,Pcp/PVSub/gaa,VTI_aa,ayaan,ayaa,0SgHead,ExclSubj,0SgObj,DubPrt,Pos,MISSING,,
VTI,Pcp/PVSub/gaa,VTI_am,waabandan,waaband,0SgHead,ExclSubj,0SgObj,DubPrt,Pos,gaa-waabandamowaangibanen,gaa-<<waaband>>amowaangibanen,JDN-2010-MS-VTI-p39
VTI,Pcp/PVSub/gaa,VTI_i,miijin,miiji,0SgHead,ExclSubj,0SgObj,DubPrt,Pos,gaa-miijiwaangibanen,gaa-<<miiji>>waangibanen,JDN-2010-MS-VTI-p39
VTI,Pcp/PVSub/gaa,VTI_oo,wanitoon,wanit,0SgHead,ExclSubj,0SgObj,DubPrt,Pos,gaa-wanitoowaangibanen,gaa-<<wanit>>oowaangibanen,JDN-2010-MS-VTI-p39
VTI,Pcp/PVSub/gaa,VTI_aa,ayaan,ayaa,0SgHead,ExclSubj,0SgObj,Neu,Neg,gaa-ayaanziwaang,gaa-<<ayaa>>nziwaang,JDN-2010-MS-VTI-p28
VTI,Pcp/PVSub/gaa,VTI_am,waabandan,waaband,0SgHead,ExclSubj,0SgObj,Neu,Neg,gaa-waabandanziwaang,gaa-<<waaband>>anziwaang,NJ-zoom-2023Sep8; JDN-2010-MS-VTI-p28
VTI,Pcp/PVSub/gaa,VTI_i,miijin,miiji,0SgHead,ExclSubj,0SgObj,Neu,Neg,gaa-miijisiwaang,gaa-<<miiji>>siwaang,JDN-2010-MS-VTI-p28
VTI,Pcp/PVSub/gaa,VTI_oo,wanitoon,wanit,0SgHead,ExclSubj,0SgObj,Neu,Neg,gaa-wanitoosiwaang,gaa-<<wanit>>oosiwaang,JDN-2010-MS-VTI-p28
VTI,Pcp/PVSub/gaa,VTI_aa,ayaan,ayaa,0SgHead,ExclSubj,0SgObj,Neu,Pos,gaa-ayaamaang,gaa-<<ayaa>>maang,JDN-2010-MS-VTI-p27
VTI,Pcp/PVSub/gaa,VTI_am,waabandan,waaband,0SgHead,ExclSubj,0SgObj,Neu,Pos,gaa-waabandamaang,gaa-<<waaband>>amaang,NJ-zoom-2023Sep8; JDN-2010-MS-VTI-p27
VTI,Pcp/PVSub/gaa,VTI_i,miijin,miiji,0SgHead,ExclSubj,0SgObj,Neu,Pos,gaa-miijiyaang,gaa-<<miiji>>yaang,JDN-2010-MS-VTI-p27
VTI,Pcp/PVSub/gaa,VTI_oo,wanitoon,wanit,0SgHead,ExclSubj,0SgObj,Neu,Pos,gaa-wanitooyaang,gaa-<<wanit>>ooyaang,JDN-2010-MS-VTI-p27
VTI,Pcp/PVSub/gaa,VTI_aa,ayaan,ayaa,0SgHead,ExclSubj,0SgObj,Prt,Neg,MISSING,,
VTI,Pcp/PVSub/gaa,VTI_am,waabandan,waaband,0SgHead,ExclSubj,0SgObj,Prt,Neg,gaa-waabandanziwaangiban,gaa-<<waaband>>anziwaangiban,JDN-2010-MS-VTI-p32
VTI,Pcp/PVSub/gaa,VTI_i,miijin,miiji,0SgHead,ExclSubj,0SgObj,Prt,Neg,gaa-miijisiwaangiban,gaa-<<miiji>>siwaangiban,JDN-2010-MS-VTI-p32
VTI,Pcp/PVSub/gaa,VTI_oo,wanitoon,wanit,0SgHead,ExclSubj,0SgObj,Prt,Neg,gaa-wanitoosiwaangiban,gaa-<<wanit>>oosiwaangiban,JDN-2010-MS-VTI-p32
VTI,Pcp/PVSub/gaa,VTI_aa,ayaan,ayaa,0SgHead,ExclSubj,0SgObj,Prt,Pos,MISSING,,
VTI,Pcp/PVSub/gaa,VTI_am,waabandan,waaband,0SgHead,ExclSubj,0SgObj,Prt,Pos,gaa-waabandamaangiban,gaa-<<waaband>>amaangiban,JDN-2010-MS-VTI-p31
VTI,Pcp/PVSub/gaa,VTI_i,miijin,miiji,0SgHead,ExclSubj,0SgObj,Prt,Pos,gaa-miijiyaangiban,gaa-<<miiji>>yaangiban,JDN-2010-MS-VTI-p31
VTI,Pcp/PVSub/gaa,VTI_oo,wanitoon,wanit,0SgHead,ExclSubj,0SgObj,Prt,Pos,gaa-wanitooyaangiban,gaa-<<wanit>>ooyaangiban,JDN-2010-MS-VTI-p31
VTI,Pcp/PVSub/gaa,VTI_aa,ayaan,ayaa,0SgHead,InclSubj,0SgObj,Dub,Neg,gaa-ayaanziiwangen,gaa-<<ayaa>>nziiwangen,GUESS
VTI,Pcp/PVSub/gaa,VTI_am,waabandan,waaband,0SgHead,InclSubj,0SgObj,Dub,Neg,gaa-waabandanziiwangen,gaa-<<waaband>>anziiwangen,JDN-2010-MS-VTI-p36
VTI,Pcp/PVSub/gaa,VTI_i,miijin,miiji,0SgHead,InclSubj,0SgObj,Dub,Neg,gaa-miijisiiwangen,gaa-<<miiji>>siiwangen,JDN-2010-MS-VTI-p36
VTI,Pcp/PVSub/gaa,VTI_oo,wanitoon,wanit,0SgHead,InclSubj,0SgObj,Dub,Neg,gaa-wanitoosiiwangen,gaa-<<wanit>>oosiiwangen,JDN-2010-MS-VTI-p36
VTI,Pcp/PVSub/gaa,VTI_aa,ayaan,ayaa,0SgHead,InclSubj,0SgObj,Dub,Pos,MISSING,,
VTI,Pcp/PVSub/gaa,VTI_am,waabandan,waaband,0SgHead,InclSubj,0SgObj,Dub,Pos,gaa-waabandamowangen,gaa-<<waaband>>amowangen,JDN-2010-MS-VTI-p35
VTI,Pcp/PVSub/gaa,VTI_i,miijin,miiji,0SgHead,InclSubj,0SgObj,Dub,Pos,gaa-miijiwangen,gaa-<<miiji>>wangen,JDN-2010-MS-VTI-p35
VTI,Pcp/PVSub/gaa,VTI_oo,wanitoon,wanit,0SgHead,InclSubj,0SgObj,Dub,Pos,gaa-wanitoowangen,gaa-<<wanit>>oowangen,JDN-2010-MS-VTI-p35
VTI,Pcp/PVSub/gaa,VTI_aa,ayaan,ayaa,0SgHead,InclSubj,0SgObj,DubPrt,Neg,MISSING,,
VTI,Pcp/PVSub/gaa,VTI_am,waabandan,waaband,0SgHead,InclSubj,0SgObj,DubPrt,Neg,gaa-waabandanziiwangibanen,gaa-<<waaband>>anziiwangibanen,JDN-2010-MS-VTI-p40
VTI,Pcp/PVSub/gaa,VTI_i,miijin,miiji,0SgHead,InclSubj,0SgObj,DubPrt,Neg,gaa-miijisiiwangibanen,gaa-<<miiji>>siiwangibanen,JDN-2010-MS-VTI-p40
VTI,Pcp/PVSub/gaa,VTI_oo,wanitoon,wanit,0SgHead,InclSubj,0SgObj,DubPrt,Neg,gaa-wanitoosiiwangibanen,gaa-<<wanit>>oosiiwangibanen,JDN-2010-MS-VTI-p40
VTI,Pcp/PVSub/gaa,VTI_aa,ayaan,ayaa,0SgHead,InclSubj,0SgObj,DubPrt,Pos,MISSING,,
VTI,Pcp/PVSub/gaa,VTI_am,waabandan,waaband,0SgHead,InclSubj,0SgObj,DubPrt,Pos,gaa-waabandamowangibanen,gaa-<<waaband>>amowangibanen,JDN-2010-MS-VTI-p39
VTI,Pcp/PVSub/gaa,VTI_i,miijin,miiji,0SgHead,InclSubj,0SgObj,DubPrt,Pos,gaa-miijiwangibanen,gaa-<<miiji>>wangibanen,JDN-2010-MS-VTI-p39
VTI,Pcp/PVSub/gaa,VTI_oo,wanitoon,wanit,0SgHead,InclSubj,0SgObj,DubPrt,Pos,gaa-wanitoowangibanen,gaa-<<wanit>>oowangibanen,JDN-2010-MS-VTI-p39
VTI,Pcp/PVSub/gaa,VTI_aa,ayaan,ayaa,0SgHead,InclSubj,0SgObj,Neu,Neg,gaa-ayaanziwang,gaa-<<ayaa>>nziwang,JDN-2010-MS-VTI-p28
VTI,Pcp/PVSub/gaa,VTI_am,waabandan,waaband,0SgHead,InclSubj,0SgObj,Neu,Neg,gaa-waabandanziwang,gaa-<<waaband>>anziwang,NJ-zoom-2023Sep8; JDN-2010-MS-VTI-p28
VTI,Pcp/PVSub/gaa,VTI_i,miijin,miiji,0SgHead,InclSubj,0SgObj,Neu,Neg,gaa-miijisiwang,gaa-<<miiji>>siwang,JDN-2010-MS-VTI-p28
VTI,Pcp/PVSub/gaa,VTI_oo,wanitoon,wanit,0SgHead,InclSubj,0SgObj,Neu,Neg,gaa-wanitoosiwang,gaa-<<wanit>>oosiwang,JDN-2010-MS-VTI-p28
VTI,Pcp/PVSub/gaa,VTI_aa,ayaan,ayaa,0SgHead,InclSubj,0SgObj,Neu,Pos,gaa-ayaamang,gaa-<<ayaa>>mang,JDN-2010-MS-VTI-p27
VTI,Pcp/PVSub/gaa,VTI_am,waabandan,waaband,0SgHead,InclSubj,0SgObj,Neu,Pos,gaa-waabandamang,gaa-<<waaband>>amang,NJ-zoom-2023Sep8; JDN-2010-MS-VTI-p27
VTI,Pcp/PVSub/gaa,VTI_i,miijin,miiji,0SgHead,InclSubj,0SgObj,Neu,Pos,gaa-miijiyang,gaa-<<miiji>>yang,JDN-2010-MS-VTI-p27
VTI,Pcp/PVSub/gaa,VTI_oo,wanitoon,wanit,0SgHead,InclSubj,0SgObj,Neu,Pos,gaa-wanitooyang,gaa-<<wanit>>ooyang,JDN-2010-MS-VTI-p27
VTI,Pcp/PVSub/gaa,VTI_aa,ayaan,ayaa,0SgHead,InclSubj,0SgObj,Prt,Neg,MISSING,,
VTI,Pcp/PVSub/gaa,VTI_am,waabandan,waaband,0SgHead,InclSubj,0SgObj,Prt,Neg,gaa-waabandanziwangiban,gaa-<<waaband>>anziwangiban,JDN-2010-MS-VTI-p32
VTI,Pcp/PVSub/gaa,VTI_i,miijin,miiji,0SgHead,InclSubj,0SgObj,Prt,Neg,gaa-miijisiwangiban,gaa-<<miiji>>siwangiban,JDN-2010-MS-VTI-p32
VTI,Pcp/PVSub/gaa,VTI_oo,wanitoon,wanit,0SgHead,InclSubj,0SgObj,Prt,Neg,gaa-wanitoosiwangiban,gaa-<<wanit>>oosiwangiban,JDN-2010-MS-VTI-p32
VTI,Pcp/PVSub/gaa,VTI_aa,ayaan,ayaa,0SgHead,InclSubj,0SgObj,Prt,Pos,MISSING,,
VTI,Pcp/PVSub/gaa,VTI_am,waabandan,waaband,0SgHead,InclSubj,0SgObj,Prt,Pos,gaa-waabandamangiban,gaa-<<waaband>>amangiban,JDN-2010-MS-VTI-p31
VTI,Pcp/PVSub/gaa,VTI_i,miijin,miiji,0SgHead,InclSubj,0SgObj,Prt,Pos,gaa-miijiyangiban,gaa-<<miiji>>yangiban,JDN-2010-MS-VTI-p31
VTI,Pcp/PVSub/gaa,VTI_oo,wanitoon,wanit,0SgHead,InclSubj,0SgObj,Prt,Pos,gaa-wanitooyangiban,gaa-<<wanit>>ooyangiban,JDN-2010-MS-VTI-p31
VTI,Pcp/PVSub/gaa,VTI_aa,ayaan,ayaa,0SgHead,XSubj,0SgObj,Dub,Neg,gaa-ayaanziiwiingen,gaa-<<ayaa>>nziiwiingen,GUESS
VTI,Pcp/PVSub/gaa,VTI_am,waabandan,waaband,0SgHead,XSubj,0SgObj,Dub,Neg,gaa-waabandanziiwiingen,gaa-<<waaband>>anziiwiingen,JDN-2010-MS-VTI-p36
VTI,Pcp/PVSub/gaa,VTI_i,miijin,miiji,0SgHead,XSubj,0SgObj,Dub,Neg,gaa-miijisiiwiingen,gaa-<<miiji>>siiwiingen,JDN-2010-MS-VTI-p36
VTI,Pcp/PVSub/gaa,VTI_oo,wanitoon,wanit,0SgHead,XSubj,0SgObj,Dub,Neg,gaa-wanitoosiiwiingen,gaa-<<wanit>>oosiiwiingen,JDN-2010-MS-VTI-p36
VTI,Pcp/PVSub/gaa,VTI_aa,ayaan,ayaa,0SgHead,XSubj,0SgObj,Dub,Pos,MISSING,,
VTI,Pcp/PVSub/gaa,VTI_am,waabandan,waaband,0SgHead,XSubj,0SgObj,Dub,Pos,gaa-waabandamowiingen,gaa-<<waaband>>amowiingen,JDN-2010-MS-VTI-p35
VTI,Pcp/PVSub/gaa,VTI_i,miijin,miiji,0SgHead,XSubj,0SgObj,Dub,Pos,gaa-miijiwiingen,gaa-<<miiji>>wiingen,JDN-2010-MS-VTI-p35
VTI,Pcp/PVSub/gaa,VTI_oo,wanitoon,wanit,0SgHead,XSubj,0SgObj,Dub,Pos,gaa-wanitoowiingen,gaa-<<wanit>>oowiingen,JDN-2010-MS-VTI-p35
VTI,Pcp/PVSub/gaa,VTI_aa,ayaan,ayaa,0SgHead,XSubj,0SgObj,DubPrt,Neg,MISSING,,
VTI,Pcp/PVSub/gaa,VTI_am,waabandan,waaband,0SgHead,XSubj,0SgObj,DubPrt,Neg,gaa-waabandanziiwiingibanen,gaa-<<waaband>>anziiwiingibanen,JDN-2010-MS-VTI-p40
VTI,Pcp/PVSub/gaa,VTI_i,miijin,miiji,0SgHead,XSubj,0SgObj,DubPrt,Neg,gaa-miijisiiwiingibanen,gaa-<<miiji>>siiwiingibanen,JDN-2010-MS-VTI-p40
VTI,Pcp/PVSub/gaa,VTI_oo,wanitoon,wanit,0SgHead,XSubj,0SgObj,DubPrt,Neg,gaa-wanitoosiiwiingibanen,gaa-<<wanit>>oosiiwiingibanen,JDN-2010-MS-VTI-p40
VTI,Pcp/PVSub/gaa,VTI_aa,ayaan,ayaa,0SgHead,XSubj,0SgObj,DubPrt,Pos,MISSING,,
VTI,Pcp/PVSub/gaa,VTI_am,waabandan,waaband,0SgHead,XSubj,0SgObj,DubPrt,Pos,gaa-waabandamowiingibanen,gaa-<<waaband>>amowiingibanen,JDN-2010-MS-VTI-p39
VTI,Pcp/PVSub/gaa,VTI_i,miijin,miiji,0SgHead,XSubj,0SgObj,DubPrt,Pos,gaa-miijiwiingibanen,gaa-<<miiji>>wiingibanen,JDN-2010-MS-VTI-p39
VTI,Pcp/PVSub/gaa,VTI_oo,wanitoon,wanit,0SgHead,XSubj,0SgObj,DubPrt,Pos,gaa-wanitoowiingibanen,gaa-<<wanit>>oowiingibanen,JDN-2010-MS-VTI-p39
VTI,Pcp/PVSub/gaa,VTI_aa,ayaan,ayaa,0SgHead,XSubj,0SgObj,Neu,Neg,gaa-ayaanzing,gaa-<<ayaa>>nzing,GUESS
VTI,Pcp/PVSub/gaa,VTI_am,waabandan,waaband,0SgHead,XSubj,0SgObj,Neu,Neg,gaa-waabandanzing,gaa-<<waaband>>anzing,JDN-2010-MS-VTI-p28
VTI,Pcp/PVSub/gaa,VTI_i,miijin,miiji,0SgHead,XSubj,0SgObj,Neu,Neg,gaa-miijising,gaa-<<miiji>>sing,JDN-2010-MS-VTI-p28
VTI,Pcp/PVSub/gaa,VTI_oo,wanitoon,wanit,0SgHead,XSubj,0SgObj,Neu,Neg,gaa-wanitoosing,gaa-<<wanit>>oosing,JDN-2010-MS-VTI-p28
VTI,Pcp/PVSub/gaa,VTI_aa,ayaan,ayaa,0SgHead,XSubj,0SgObj,Neu,Pos,gaa-ayaaming,gaa-<<ayaa>>ming,GUESS
VTI,Pcp/PVSub/gaa,VTI_am,waabandan,waaband,0SgHead,XSubj,0SgObj,Neu,Pos,gaa-waabandaming,gaa-<<waaband>>aming,NJ-zoom-2023Sep8; JDN-2010-MS-VTI-p27
VTI,Pcp/PVSub/gaa,VTI_i,miijin,miiji,0SgHead,XSubj,0SgObj,Neu,Pos,gaa-miijing,gaa-<<miiji>>ng,JDN-2010-MS-VTI-p27
VTI,Pcp/PVSub/gaa,VTI_oo,wanitoon,wanit,0SgHead,XSubj,0SgObj,Neu,Pos,gaa-wanitoong,gaa-<<wanit>>oong,JDN-2010-MS-VTI-p27
VTI,Pcp/PVSub/gaa,VTI_aa,ayaan,ayaa,0SgHead,XSubj,0SgObj,Prt,Neg,MISSING,,
VTI,Pcp/PVSub/gaa,VTI_am,waabandan,waaband,0SgHead,XSubj,0SgObj,Prt,Neg,gaa-waabandanzingiban,gaa-<<waaband>>anzingiban,JDN-2010-MS-VTI-p32
VTI,Pcp/PVSub/gaa,VTI_i,miijin,miiji,0SgHead,XSubj,0SgObj,Prt,Neg,gaa-miijisingiban,gaa-<<miiji>>singiban,JDN-2010-MS-VTI-p32
VTI,Pcp/PVSub/gaa,VTI_oo,wanitoon,wanit,0SgHead,XSubj,0SgObj,Prt,Neg,gaa-wanitoosingiban,gaa-<<wanit>>oosingiban,JDN-2010-MS-VTI-p32
VTI,Pcp/PVSub/gaa,VTI_aa,ayaan,ayaa,0SgHead,XSubj,0SgObj,Prt,Pos,MISSING,,
VTI,Pcp/PVSub/gaa,VTI_am,waabandan,waaband,0SgHead,XSubj,0SgObj,Prt,Pos,gaa-waabandamingiban,gaa-<<waaband>>amingiban,JDN-2010-MS-VTI-p31
VTI,Pcp/PVSub/gaa,VTI_i,miijin,miiji,0SgHead,XSubj,0SgObj,Prt,Pos,gaa-miijingiban,gaa-<<miiji>>ngiban,JDN-2010-MS-VTI-p31
VTI,Pcp/PVSub/gaa,VTI_oo,wanitoon,wanit,0SgHead,XSubj,0SgObj,Prt,Pos,gaa-wanitoongiban,gaa-<<wanit>>oongiban,JDN-2010-MS-VTI-p31